,PassengerId,Transported
0,0013_01,TRUE
1,0018_01,FALSE
2,0019_01,TRUE
3,0021_01,TRUE
4,0023_01,FALSE
5,0027_01,TRUE
6,0029_01,TRUE
7,0032_01,TRUE
8,0032_02,TRUE
9,0033_01,FALSE
10,0037_01,FALSE
11,0040_01,FALSE
12,0040_02,TRUE
13,0042_01,TRUE
14,0046_01,FALSE
15,0046_02,FALSE
16,0046_03,FALSE
17,0047_01,TRUE
18,0047_02,TRUE
19,0047_03,FALSE
20,0048_01,FALSE
21,0049_01,FALSE
22,0054_01,TRUE
23,0054_02,TRUE
24,0054_03,FALSE
25,0055_01,FALSE
26,0057_01,TRUE
27,0059_01,TRUE
28,0060_01,FALSE
29,0063_01,TRUE
30,0065_01,TRUE
31,0075_01,FALSE
32,0079_01,TRUE
33,0080_01,FALSE
34,0083_01,TRUE
35,0087_01,FALSE
36,0089_01,TRUE
37,0093_01,FALSE
38,0094_01,FALSE
39,0094_02,FALSE
40,0095_01,TRUE
41,0096_01,FALSE
42,0100_01,TRUE
43,0100_02,FALSE
44,0104_01,FALSE
45,0106_01,TRUE
46,0109_01,FALSE
47,0117_01,FALSE
48,0118_01,TRUE
49,0121_01,FALSE
50,0124_01,TRUE
51,0125_01,TRUE
52,0125_02,FALSE
53,0130_01,FALSE
54,0131_01,TRUE
55,0132_01,TRUE
56,0135_01,FALSE
57,0137_01,FALSE
58,0142_01,TRUE
59,0142_02,FALSE
60,0142_03,TRUE
61,0143_01,FALSE
62,0145_01,FALSE
63,0150_01,TRUE
64,0150_02,TRUE
65,0153_01,TRUE
66,0154_01,FALSE
67,0155_01,FALSE
68,0156_01,FALSE
69,0157_01,FALSE
70,0158_01,FALSE
71,0158_02,FALSE
72,0159_01,FALSE
73,0161_01,FALSE
74,0162_01,TRUE
75,0166_01,TRUE
76,0168_01,TRUE
77,0175_01,TRUE
78,0175_02,TRUE
79,0175_03,TRUE
80,0175_04,TRUE
81,0175_05,TRUE
82,0176_01,FALSE
83,0180_01,FALSE
84,0184_01,FALSE
85,0185_01,TRUE
86,0187_01,TRUE
87,0191_01,FALSE
88,0194_01,TRUE
89,0194_02,TRUE
90,0194_03,FALSE
91,0204_01,FALSE
92,0208_01,FALSE
93,0209_01,FALSE
94,0214_01,FALSE
95,0214_02,FALSE
96,0215_01,TRUE
97,0218_01,FALSE
98,0226_01,FALSE
99,0227_01,TRUE
100,0228_01,TRUE
101,0228_02,TRUE
102,0228_03,TRUE
103,0228_04,FALSE
104,0230_01,TRUE
105,0230_02,FALSE
106,0235_01,FALSE
107,0236_01,TRUE
108,0238_01,FALSE
109,0247_01,TRUE
110,0247_02,TRUE
111,0249_01,FALSE
112,0256_01,FALSE
113,0259_01,TRUE
114,0262_01,FALSE
115,0264_01,TRUE
116,0264_02,TRUE
117,0264_03,FALSE
118,0266_01,FALSE
119,0266_02,FALSE
120,0268_01,FALSE
121,0268_02,FALSE
122,0271_01,FALSE
123,0272_01,FALSE
124,0273_01,TRUE
125,0273_02,TRUE
126,0273_03,FALSE
127,0274_01,FALSE
128,0274_02,TRUE
129,0276_01,FALSE
130,0276_02,TRUE
131,0279_01,FALSE
132,0280_01,TRUE
133,0284_01,FALSE
134,0292_01,FALSE
135,0293_01,TRUE
136,0295_01,FALSE
137,0296_01,FALSE
138,0299_01,FALSE
139,0300_01,FALSE
140,0308_01,TRUE
141,0311_01,TRUE
142,0312_01,TRUE
143,0317_01,FALSE
144,0318_01,TRUE
145,0319_01,FALSE
146,0319_02,TRUE
147,0323_01,TRUE
148,0325_01,TRUE
149,0328_01,TRUE
150,0329_01,TRUE
151,0332_01,TRUE
152,0335_01,TRUE
153,0339_01,FALSE
154,0339_02,FALSE
155,0339_03,FALSE
156,0339_04,TRUE
157,0339_05,TRUE
158,0339_06,FALSE
159,0339_07,FALSE
160,0339_08,FALSE
161,0342_01,TRUE
162,0342_02,FALSE
163,0344_01,TRUE
164,0344_02,FALSE
165,0349_01,FALSE
166,0349_02,TRUE
167,0349_03,FALSE
168,0349_04,TRUE
169,0349_05,FALSE
170,0349_06,FALSE
171,0351_01,TRUE
172,0353_01,TRUE
173,0353_02,FALSE
174,0354_01,FALSE
175,0362_01,TRUE
176,0363_01,TRUE
177,0363_02,FALSE
178,0363_03,FALSE
179,0364_01,TRUE
180,0364_02,FALSE
181,0366_01,TRUE
182,0367_01,FALSE
183,0374_01,FALSE
184,0374_02,FALSE
185,0386_01,FALSE
186,0390_01,TRUE
187,0393_01,FALSE
188,0394_01,TRUE
189,0399_01,TRUE
190,0400_01,TRUE
191,0404_01,TRUE
192,0406_01,FALSE
193,0414_01,FALSE
194,0416_01,FALSE
195,0418_01,FALSE
196,0419_01,TRUE
197,0419_02,TRUE
198,0419_03,TRUE
199,0420_01,FALSE
200,0421_01,TRUE
201,0422_01,FALSE
202,0424_01,FALSE
203,0426_01,FALSE
204,0440_01,FALSE
205,0443_01,FALSE
206,0450_01,FALSE
207,0451_01,TRUE
208,0455_01,TRUE
209,0464_01,TRUE
210,0467_01,TRUE
211,0467_02,TRUE
212,0467_03,TRUE
213,0467_04,TRUE
214,0469_01,FALSE
215,0473_01,FALSE
216,0478_01,FALSE
217,0478_02,TRUE
218,0479_01,TRUE
219,0483_01,TRUE
220,0483_02,FALSE
221,0484_01,TRUE
222,0486_01,TRUE
223,0489_01,TRUE
224,0489_02,TRUE
225,0491_01,TRUE
226,0492_01,FALSE
227,0493_01,TRUE
228,0494_01,TRUE
229,0494_02,FALSE
230,0495_01,TRUE
231,0495_02,TRUE
232,0495_03,FALSE
233,0495_04,FALSE
234,0495_05,FALSE
235,0495_06,TRUE
236,0496_01,TRUE
237,0496_02,TRUE
238,0497_01,TRUE
239,0505_01,FALSE
240,0508_01,FALSE
241,0509_01,FALSE
242,0511_01,FALSE
243,0514_01,TRUE
244,0524_01,TRUE
245,0526_01,TRUE
246,0530_01,FALSE
247,0530_02,FALSE
248,0530_03,TRUE
249,0532_01,FALSE
250,0532_02,TRUE
251,0535_01,FALSE
252,0536_01,FALSE
253,0536_02,FALSE
254,0541_01,TRUE
255,0543_01,TRUE
256,0544_01,TRUE
257,0554_01,FALSE
258,0557_01,TRUE
259,0557_02,TRUE
260,0558_01,FALSE
261,0562_01,TRUE
262,0562_02,TRUE
263,0574_01,FALSE
264,0578_01,TRUE
265,0578_02,FALSE
266,0584_01,TRUE
267,0584_02,FALSE
268,0592_01,TRUE
269,0595_01,TRUE
270,0601_01,TRUE
271,0604_01,TRUE
272,0605_01,FALSE
273,0606_01,TRUE
274,0613_01,TRUE
275,0613_02,TRUE
276,0616_01,FALSE
277,0617_01,FALSE
278,0620_01,FALSE
279,0620_02,TRUE
280,0620_03,TRUE
281,0621_01,FALSE
282,0622_01,FALSE
283,0624_01,TRUE
284,0625_01,TRUE
285,0625_02,TRUE
286,0625_03,TRUE
287,0626_01,TRUE
288,0626_02,TRUE
289,0626_03,TRUE
290,0627_01,FALSE
291,0632_01,FALSE
292,0632_02,FALSE
293,0632_03,TRUE
294,0640_01,TRUE
295,0640_02,TRUE
296,0648_01,FALSE
297,0648_02,FALSE
298,0649_01,FALSE
299,0651_01,TRUE
300,0652_01,TRUE
301,0652_02,FALSE
302,0652_03,TRUE
303,0652_04,FALSE
304,0652_05,TRUE
305,0654_01,TRUE
306,0662_01,TRUE
307,0666_01,FALSE
308,0666_02,TRUE
309,0667_01,FALSE
310,0670_01,FALSE
311,0670_02,FALSE
312,0673_01,FALSE
313,0675_01,TRUE
314,0676_01,FALSE
315,0681_01,TRUE
316,0692_01,TRUE
317,0694_01,TRUE
318,0695_01,TRUE
319,0698_01,TRUE
320,0700_01,FALSE
321,0706_01,TRUE
322,0708_01,TRUE
323,0708_02,TRUE
324,0711_01,FALSE
325,0716_01,FALSE
326,0717_01,TRUE
327,0717_02,TRUE
328,0717_03,TRUE
329,0717_04,TRUE
330,0717_05,FALSE
331,0717_06,FALSE
332,0717_07,TRUE
333,0720_01,TRUE
334,0720_02,TRUE
335,0720_03,FALSE
336,0721_01,FALSE
337,0722_01,FALSE
338,0723_01,FALSE
339,0725_01,TRUE
340,0730_01,FALSE
341,0731_01,FALSE
342,0731_02,FALSE
343,0735_01,TRUE
344,0739_01,TRUE
345,0741_01,FALSE
346,0742_01,TRUE
347,0742_02,TRUE
348,0744_01,TRUE
349,0745_01,FALSE
350,0747_01,FALSE
351,0748_01,TRUE
352,0748_02,FALSE
353,0749_01,TRUE
354,0751_01,TRUE
355,0752_01,TRUE
356,0755_01,TRUE
357,0758_01,FALSE
358,0758_02,TRUE
359,0758_03,FALSE
360,0759_01,TRUE
361,0759_02,FALSE
362,0759_03,TRUE
363,0760_01,FALSE
364,0763_01,TRUE
365,0763_02,FALSE
366,0766_01,TRUE
367,0774_01,TRUE
368,0774_02,FALSE
369,0774_03,FALSE
370,0775_01,TRUE
371,0775_02,FALSE
372,0775_03,TRUE
373,0775_04,FALSE
374,0775_05,TRUE
375,0775_06,TRUE
376,0778_01,TRUE
377,0778_02,FALSE
378,0780_01,TRUE
379,0783_01,FALSE
380,0792_01,TRUE
381,0800_01,FALSE
382,0801_01,TRUE
383,0803_01,TRUE
384,0804_01,TRUE
385,0807_01,FALSE
386,0810_01,FALSE
387,0812_01,TRUE
388,0814_01,FALSE
389,0821_01,TRUE
390,0827_01,FALSE
391,0827_02,TRUE
392,0827_03,TRUE
393,0831_01,FALSE
394,0832_01,TRUE
395,0837_01,TRUE
396,0837_02,FALSE
397,0838_01,TRUE
398,0838_02,FALSE
399,0841_01,FALSE
400,0842_01,TRUE
401,0843_01,FALSE
402,0844_01,TRUE
403,0847_01,FALSE
404,0852_01,TRUE
405,0854_01,TRUE
406,0855_01,FALSE
407,0856_01,FALSE
408,0857_01,TRUE
409,0858_01,FALSE
410,0858_02,TRUE
411,0861_01,FALSE
412,0862_01,TRUE
413,0864_01,FALSE
414,0864_02,TRUE
415,0864_03,TRUE
416,0866_01,TRUE
417,0872_01,TRUE
418,0880_01,TRUE
419,0880_02,TRUE
420,0882_01,TRUE
421,0884_01,FALSE
422,0884_02,FALSE
423,0886_01,FALSE
424,0886_02,FALSE
425,0886_03,TRUE
426,0887_01,FALSE
427,0887_02,FALSE
428,0888_01,FALSE
429,0888_02,FALSE
430,0891_01,TRUE
431,0892_01,TRUE
432,0892_02,TRUE
433,0892_03,TRUE
434,0894_01,TRUE
435,0895_01,TRUE
436,0896_01,FALSE
437,0897_01,TRUE
438,0897_02,TRUE
439,0900_01,FALSE
440,0908_01,FALSE
441,0909_01,FALSE
442,0909_02,TRUE
443,0909_03,TRUE
444,0914_01,FALSE
445,0916_01,FALSE
446,0917_01,FALSE
447,0920_01,FALSE
448,0929_01,FALSE
449,0934_01,FALSE
450,0936_01,FALSE
451,0937_01,TRUE
452,0943_01,TRUE
453,0943_02,TRUE
454,0943_03,FALSE
455,0945_01,FALSE
456,0945_02,FALSE
457,0948_01,FALSE
458,0950_01,TRUE
459,0954_01,FALSE
460,0958_01,FALSE
461,0959_01,FALSE
462,0962_01,TRUE
463,0963_01,TRUE
464,0967_01,FALSE
465,0973_01,FALSE
466,0974_01,FALSE
467,0977_01,TRUE
468,0980_01,FALSE
469,0981_01,FALSE
470,0981_02,TRUE
471,0986_01,FALSE
472,0986_02,TRUE
473,0996_01,TRUE
474,0999_01,FALSE
475,0999_02,FALSE
476,1003_01,FALSE
477,1007_01,FALSE
478,1009_01,FALSE
479,1010_01,FALSE
480,1016_01,FALSE
481,1021_01,FALSE
482,1023_01,TRUE
483,1028_01,FALSE
484,1037_01,TRUE
485,1039_01,FALSE
486,1042_01,FALSE
487,1044_01,TRUE
488,1050_01,TRUE
489,1055_01,TRUE
490,1059_01,TRUE
491,1059_02,TRUE
492,1061_01,TRUE
493,1064_01,TRUE
494,1064_02,TRUE
495,1067_01,FALSE
496,1069_01,TRUE
497,1070_01,TRUE
498,1072_01,TRUE
499,1072_02,TRUE
500,1072_03,TRUE
501,1072_04,TRUE
502,1072_05,FALSE
503,1072_06,FALSE
504,1072_07,TRUE
505,1072_08,TRUE
506,1073_01,FALSE
507,1074_01,FALSE
508,1074_02,TRUE
509,1081_01,FALSE
510,1087_01,TRUE
511,1090_01,TRUE
512,1090_02,FALSE
513,1092_01,TRUE
514,1098_01,FALSE
515,1101_01,FALSE
516,1103_01,FALSE
517,1104_01,TRUE
518,1106_01,FALSE
519,1106_02,TRUE
520,1107_01,FALSE
521,1109_01,FALSE
522,1111_01,TRUE
523,1111_02,FALSE
524,1111_03,FALSE
525,1118_01,FALSE
526,1118_02,TRUE
527,1118_03,TRUE
528,1118_04,FALSE
529,1118_05,FALSE
530,1119_01,FALSE
531,1119_02,TRUE
532,1120_01,TRUE
533,1122_01,TRUE
534,1124_01,TRUE
535,1124_02,TRUE
536,1124_03,FALSE
537,1125_01,FALSE
538,1125_02,TRUE
539,1126_01,TRUE
540,1128_01,TRUE
541,1128_02,TRUE
542,1131_01,TRUE
543,1135_01,FALSE
544,1135_02,TRUE
545,1135_03,FALSE
546,1135_04,TRUE
547,1137_01,FALSE
548,1137_02,FALSE
549,1138_01,TRUE
550,1139_01,FALSE
551,1143_01,FALSE
552,1145_01,TRUE
553,1145_02,TRUE
554,1145_03,FALSE
555,1145_04,TRUE
556,1151_01,FALSE
557,1157_01,FALSE
558,1158_01,TRUE
559,1158_02,TRUE
560,1159_01,TRUE
561,1159_02,TRUE
562,1159_03,TRUE
563,1160_01,FALSE
564,1164_01,FALSE
565,1171_01,FALSE
566,1172_01,TRUE
567,1176_01,FALSE
568,1181_01,FALSE
569,1183_01,TRUE
570,1183_02,FALSE
571,1183_03,TRUE
572,1184_01,TRUE
573,1184_02,TRUE
574,1189_01,FALSE
575,1194_01,FALSE
576,1196_01,FALSE
577,1196_02,FALSE
578,1200_01,TRUE
579,1201_01,FALSE
580,1201_02,TRUE
581,1202_01,FALSE
582,1204_01,TRUE
583,1205_01,FALSE
584,1207_01,TRUE
585,1207_02,TRUE
586,1207_03,TRUE
587,1207_04,FALSE
588,1209_01,FALSE
589,1209_02,FALSE
590,1217_01,TRUE
591,1217_02,TRUE
592,1219_01,FALSE
593,1219_02,TRUE
594,1224_01,TRUE
595,1224_02,TRUE
596,1226_01,TRUE
597,1226_02,TRUE
598,1227_01,TRUE
599,1237_01,FALSE
600,1241_01,FALSE
601,1244_01,TRUE
602,1245_01,TRUE
603,1247_01,TRUE
604,1249_01,FALSE
605,1251_01,TRUE
606,1252_01,FALSE
607,1253_01,FALSE
608,1257_01,TRUE
609,1257_02,TRUE
610,1257_03,TRUE
611,1257_04,TRUE
612,1262_01,TRUE
613,1262_02,FALSE
614,1265_01,TRUE
615,1266_01,FALSE
616,1268_01,TRUE
617,1270_01,TRUE
618,1272_01,FALSE
619,1275_01,FALSE
620,1276_01,FALSE
621,1277_01,FALSE
622,1290_01,FALSE
623,1296_01,FALSE
624,1297_01,TRUE
625,1298_01,TRUE
626,1301_01,TRUE
627,1301_02,FALSE
628,1301_03,TRUE
629,1303_01,FALSE
630,1305_01,FALSE
631,1313_01,FALSE
632,1314_01,FALSE
633,1315_01,TRUE
634,1318_01,TRUE
635,1319_01,FALSE
636,1319_02,FALSE
637,1320_01,TRUE
638,1320_02,TRUE
639,1320_03,TRUE
640,1321_01,TRUE
641,1321_02,TRUE
642,1321_03,FALSE
643,1321_04,FALSE
644,1327_01,TRUE
645,1329_01,FALSE
646,1334_01,FALSE
647,1338_01,TRUE
648,1338_02,TRUE
649,1339_01,TRUE
650,1341_01,FALSE
651,1341_02,TRUE
652,1341_03,TRUE
653,1343_01,FALSE
654,1343_02,FALSE
655,1343_03,FALSE
656,1344_01,FALSE
657,1346_01,TRUE
658,1349_01,TRUE
659,1349_02,TRUE
660,1354_01,FALSE
661,1354_02,FALSE
662,1354_03,TRUE
663,1354_04,TRUE
664,1354_05,TRUE
665,1354_06,TRUE
666,1354_07,TRUE
667,1358_01,TRUE
668,1358_02,FALSE
669,1359_01,FALSE
670,1361_01,TRUE
671,1361_02,FALSE
672,1363_01,FALSE
673,1364_01,FALSE
674,1364_02,TRUE
675,1367_01,TRUE
676,1369_01,TRUE
677,1369_02,TRUE
678,1369_03,TRUE
679,1372_01,TRUE
680,1373_01,TRUE
681,1374_01,TRUE
682,1388_01,TRUE
683,1392_01,FALSE
684,1394_01,FALSE
685,1396_01,TRUE
686,1405_01,FALSE
687,1409_01,FALSE
688,1409_02,TRUE
689,1411_01,TRUE
690,1418_01,FALSE
691,1422_01,TRUE
692,1422_02,FALSE
693,1422_03,FALSE
694,1429_01,FALSE
695,1432_01,FALSE
696,1432_02,FALSE
697,1436_01,FALSE
698,1437_01,FALSE
699,1441_01,FALSE
700,1446_01,FALSE
701,1448_01,TRUE
702,1449_01,FALSE
703,1456_01,FALSE
704,1459_01,FALSE
705,1464_01,FALSE
706,1466_01,FALSE
707,1468_01,FALSE
708,1469_01,FALSE
709,1469_02,FALSE
710,1470_01,TRUE
711,1471_01,TRUE
712,1471_02,TRUE
713,1471_03,FALSE
714,1471_04,FALSE
715,1471_05,FALSE
716,1472_01,TRUE
717,1473_01,FALSE
718,1473_02,FALSE
719,1475_01,FALSE
720,1476_01,FALSE
721,1477_01,TRUE
722,1477_02,FALSE
723,1480_01,TRUE
724,1482_01,TRUE
725,1483_01,FALSE
726,1486_01,TRUE
727,1487_01,TRUE
728,1487_02,FALSE
729,1492_01,FALSE
730,1492_02,FALSE
731,1494_01,FALSE
732,1495_01,FALSE
733,1495_02,TRUE
734,1496_01,FALSE
735,1497_01,TRUE
736,1497_02,TRUE
737,1502_01,FALSE
738,1502_02,TRUE
739,1502_03,TRUE
740,1502_04,TRUE
741,1504_01,FALSE
742,1505_01,FALSE
743,1508_01,FALSE
744,1512_01,FALSE
745,1513_01,FALSE
746,1514_01,FALSE
747,1516_01,TRUE
748,1517_01,FALSE
749,1518_01,FALSE
750,1518_02,FALSE
751,1519_01,FALSE
752,1522_01,TRUE
753,1530_01,TRUE
754,1534_01,FALSE
755,1534_02,FALSE
756,1535_01,FALSE
757,1537_01,TRUE
758,1538_01,FALSE
759,1538_02,FALSE
760,1546_01,FALSE
761,1549_01,FALSE
762,1553_01,TRUE
763,1553_02,FALSE
764,1554_01,TRUE
765,1554_02,FALSE
766,1556_01,FALSE
767,1557_01,TRUE
768,1559_01,TRUE
769,1559_02,TRUE
770,1563_01,TRUE
771,1566_01,TRUE
772,1570_01,FALSE
773,1571_01,FALSE
774,1574_01,TRUE
775,1575_01,TRUE
776,1582_01,TRUE
777,1582_02,TRUE
778,1583_01,TRUE
779,1586_01,FALSE
780,1587_01,TRUE
781,1587_02,TRUE
782,1589_01,FALSE
783,1591_01,FALSE
784,1591_02,TRUE
785,1598_01,TRUE
786,1598_02,FALSE
787,1600_01,FALSE
788,1605_01,FALSE
789,1607_01,TRUE
790,1609_01,FALSE
791,1610_01,FALSE
792,1616_01,TRUE
793,1618_01,FALSE
794,1620_01,FALSE
795,1623_01,TRUE
796,1627_01,TRUE
797,1629_01,TRUE
798,1629_02,TRUE
799,1629_03,TRUE
800,1629_04,TRUE
801,1629_05,TRUE
802,1629_06,TRUE
803,1639_01,FALSE
804,1641_01,TRUE
805,1642_01,FALSE
806,1643_01,FALSE
807,1648_01,TRUE
808,1652_01,TRUE
809,1654_01,FALSE
810,1664_01,FALSE
811,1665_01,TRUE
812,1665_02,TRUE
813,1667_01,FALSE
814,1675_01,TRUE
815,1678_01,FALSE
816,1679_01,FALSE
817,1680_01,FALSE
818,1680_02,TRUE
819,1683_01,FALSE
820,1684_01,FALSE
821,1686_01,FALSE
822,1689_01,FALSE
823,1689_02,TRUE
824,1689_03,FALSE
825,1692_01,TRUE
826,1693_01,FALSE
827,1701_01,TRUE
828,1702_01,TRUE
829,1703_01,TRUE
830,1706_01,FALSE
831,1707_01,TRUE
832,1716_01,FALSE
833,1720_01,FALSE
834,1722_01,FALSE
835,1726_01,FALSE
836,1726_02,TRUE
837,1726_03,FALSE
838,1732_01,TRUE
839,1735_01,FALSE
840,1737_01,FALSE
841,1741_01,TRUE
842,1741_02,TRUE
843,1741_03,FALSE
844,1743_01,FALSE
845,1744_01,FALSE
846,1750_01,TRUE
847,1751_01,TRUE
848,1751_02,TRUE
849,1754_01,FALSE
850,1756_01,TRUE
851,1759_01,TRUE
852,1765_01,TRUE
853,1773_01,FALSE
854,1777_01,FALSE
855,1777_02,TRUE
856,1780_01,FALSE
857,1784_01,FALSE
858,1787_01,FALSE
859,1788_01,FALSE
860,1789_01,FALSE
861,1790_01,FALSE
862,1790_02,TRUE
863,1791_01,TRUE
864,1791_02,TRUE
865,1793_01,FALSE
866,1793_02,TRUE
867,1794_01,FALSE
868,1795_01,FALSE
869,1801_01,FALSE
870,1801_02,FALSE
871,1809_01,TRUE
872,1814_01,FALSE
873,1814_02,TRUE
874,1814_03,TRUE
875,1815_01,TRUE
876,1819_01,FALSE
877,1820_01,TRUE
878,1824_01,FALSE
879,1825_01,FALSE
880,1825_02,TRUE
881,1830_01,TRUE
882,1832_01,FALSE
883,1835_01,TRUE
884,1835_02,TRUE
885,1837_01,TRUE
886,1838_01,TRUE
887,1839_01,FALSE
888,1840_01,TRUE
889,1842_01,FALSE
890,1845_01,FALSE
891,1851_01,FALSE
892,1851_02,TRUE
893,1852_01,TRUE
894,1852_02,TRUE
895,1852_03,TRUE
896,1852_04,TRUE
897,1858_01,TRUE
898,1862_01,FALSE
899,1862_02,FALSE
900,1862_03,TRUE
901,1867_01,TRUE
902,1869_01,FALSE
903,1870_01,FALSE
904,1875_01,FALSE
905,1876_01,FALSE
906,1883_01,TRUE
907,1885_01,FALSE
908,1893_01,TRUE
909,1894_01,TRUE
910,1895_01,FALSE
911,1896_01,FALSE
912,1900_01,TRUE
913,1904_01,FALSE
914,1909_01,TRUE
915,1909_02,TRUE
916,1909_03,FALSE
917,1910_01,TRUE
918,1910_02,FALSE
919,1910_03,FALSE
920,1910_04,TRUE
921,1912_01,FALSE
922,1913_01,TRUE
923,1913_02,TRUE
924,1913_03,TRUE
925,1914_01,TRUE
926,1917_01,TRUE
927,1919_01,FALSE
928,1921_01,FALSE
929,1921_02,FALSE
930,1924_01,TRUE
931,1929_01,FALSE
932,1930_01,FALSE
933,1932_01,FALSE
934,1934_01,FALSE
935,1936_01,FALSE
936,1943_01,FALSE
937,1944_01,FALSE
938,1948_01,FALSE
939,1948_02,TRUE
940,1949_01,FALSE
941,1951_01,TRUE
942,1951_02,FALSE
943,1954_01,FALSE
944,1955_01,FALSE
945,1958_01,FALSE
946,1965_01,TRUE
947,1966_01,FALSE
948,1970_01,FALSE
949,1972_01,TRUE
950,1982_01,FALSE
951,1986_01,TRUE
952,1987_01,TRUE
953,1989_01,TRUE
954,1990_01,TRUE
955,1990_02,TRUE
956,1998_01,FALSE
957,2002_01,TRUE
958,2004_01,TRUE
959,2005_01,FALSE
960,2005_02,TRUE
961,2008_01,FALSE
962,2014_01,TRUE
963,2016_01,TRUE
964,2016_02,FALSE
965,2017_01,FALSE
966,2017_02,FALSE
967,2018_01,TRUE
968,2020_01,TRUE
969,2021_01,TRUE
970,2023_01,TRUE
971,2023_02,TRUE
972,2023_03,TRUE
973,2025_01,FALSE
974,2030_01,FALSE
975,2031_01,FALSE
976,2033_01,FALSE
977,2035_01,FALSE
978,2035_02,TRUE
979,2036_01,TRUE
980,2036_02,FALSE
981,2036_03,TRUE
982,2037_01,TRUE
983,2037_02,FALSE
984,2039_01,TRUE
985,2039_02,TRUE
986,2039_03,TRUE
987,2047_01,TRUE
988,2048_01,FALSE
989,2049_01,TRUE
990,2050_01,FALSE
991,2057_01,TRUE
992,2057_02,TRUE
993,2057_03,FALSE
994,2057_04,TRUE
995,2057_05,FALSE
996,2058_01,FALSE
997,2064_01,TRUE
998,2068_01,TRUE
999,2068_02,TRUE
1000,2068_03,TRUE
1001,2068_04,FALSE
1002,2068_05,TRUE
1003,2069_01,FALSE
1004,2072_01,FALSE
1005,2072_02,FALSE
1006,2076_01,TRUE
1007,2077_01,FALSE
1008,2078_01,TRUE
1009,2079_01,TRUE
1010,2079_02,FALSE
1011,2079_03,FALSE
1012,2093_01,FALSE
1013,2098_01,FALSE
1014,2101_01,FALSE
1015,2101_02,FALSE
1016,2103_01,FALSE
1017,2108_01,FALSE
1018,2108_02,FALSE
1019,2109_01,TRUE
1020,2113_01,TRUE
1021,2119_01,FALSE
1022,2119_02,TRUE
1023,2122_01,FALSE
1024,2132_01,TRUE
1025,2146_01,TRUE
1026,2146_02,TRUE
1027,2151_01,TRUE
1028,2155_01,TRUE
1029,2157_01,FALSE
1030,2160_01,FALSE
1031,2160_02,TRUE
1032,2160_03,TRUE
1033,2165_01,FALSE
1034,2166_01,FALSE
1035,2169_01,FALSE
1036,2170_01,FALSE
1037,2174_01,FALSE
1038,2176_01,TRUE
1039,2178_01,FALSE
1040,2181_01,FALSE
1041,2184_01,TRUE
1042,2184_02,TRUE
1043,2185_01,TRUE
1044,2192_01,FALSE
1045,2197_01,FALSE
1046,2199_01,TRUE
1047,2208_01,FALSE
1048,2213_01,FALSE
1049,2214_01,FALSE
1050,2216_01,FALSE
1051,2217_01,FALSE
1052,2218_01,FALSE
1053,2222_01,TRUE
1054,2226_01,FALSE
1055,2227_01,TRUE
1056,2230_01,FALSE
1057,2236_01,TRUE
1058,2240_01,TRUE
1059,2240_02,FALSE
1060,2240_03,TRUE
1061,2242_01,TRUE
1062,2244_01,TRUE
1063,2245_01,TRUE
1064,2245_02,TRUE
1065,2246_01,TRUE
1066,2246_02,FALSE
1067,2247_01,FALSE
1068,2248_01,FALSE
1069,2249_01,TRUE
1070,2250_01,FALSE
1071,2259_01,FALSE
1072,2259_02,TRUE
1073,2260_01,TRUE
1074,2265_01,FALSE
1075,2271_01,FALSE
1076,2276_01,TRUE
1077,2276_02,FALSE
1078,2283_01,FALSE
1079,2285_01,FALSE
1080,2286_01,FALSE
1081,2290_01,TRUE
1082,2292_01,TRUE
1083,2293_01,TRUE
1084,2294_01,TRUE
1085,2297_01,FALSE
1086,2304_01,TRUE
1087,2307_01,FALSE
1088,2307_02,FALSE
1089,2307_03,FALSE
1090,2307_04,FALSE
1091,2307_05,FALSE
1092,2322_01,FALSE
1093,2323_01,FALSE
1094,2324_01,FALSE
1095,2326_01,TRUE
1096,2328_01,FALSE
1097,2330_01,FALSE
1098,2331_01,TRUE
1099,2334_01,FALSE
1100,2335_01,TRUE
1101,2337_01,TRUE
1102,2342_01,FALSE
1103,2343_01,TRUE
1104,2343_02,FALSE
1105,2344_01,FALSE
1106,2344_02,TRUE
1107,2346_01,FALSE
1108,2350_01,FALSE
1109,2350_02,FALSE
1110,2350_03,TRUE
1111,2351_01,FALSE
1112,2351_02,FALSE
1113,2352_01,FALSE
1114,2354_01,FALSE
1115,2355_01,TRUE
1116,2355_02,TRUE
1117,2355_03,FALSE
1118,2355_04,TRUE
1119,2358_01,FALSE
1120,2359_01,FALSE
1121,2362_01,FALSE
1122,2370_01,TRUE
1123,2370_02,TRUE
1124,2370_03,FALSE
1125,2370_04,TRUE
1126,2371_01,FALSE
1127,2372_01,FALSE
1128,2378_01,FALSE
1129,2378_02,TRUE
1130,2380_01,FALSE
1131,2380_02,TRUE
1132,2381_01,FALSE
1133,2383_01,FALSE
1134,2383_02,FALSE
1135,2386_01,TRUE
1136,2388_01,FALSE
1137,2388_02,TRUE
1138,2393_01,FALSE
1139,2394_01,TRUE
1140,2394_02,TRUE
1141,2394_03,FALSE
1142,2400_01,FALSE
1143,2405_01,FALSE
1144,2407_01,TRUE
1145,2408_01,FALSE
1146,2415_01,TRUE
1147,2418_01,FALSE
1148,2420_01,FALSE
1149,2422_01,FALSE
1150,2422_02,TRUE
1151,2425_01,TRUE
1152,2425_02,FALSE
1153,2425_03,FALSE
1154,2425_04,FALSE
1155,2425_05,TRUE
1156,2425_06,TRUE
1157,2428_01,FALSE
1158,2430_01,TRUE
1159,2430_02,TRUE
1160,2430_03,FALSE
1161,2434_01,TRUE
1162,2434_02,FALSE
1163,2437_01,FALSE
1164,2440_01,FALSE
1165,2447_01,FALSE
1166,2448_01,TRUE
1167,2448_02,TRUE
1168,2450_01,FALSE
1169,2459_01,TRUE
1170,2464_01,FALSE
1171,2465_01,FALSE
1172,2468_01,TRUE
1173,2469_01,TRUE
1174,2469_02,FALSE
1175,2473_01,FALSE
1176,2481_01,FALSE
1177,2481_02,FALSE
1178,2482_01,FALSE
1179,2482_02,FALSE
1180,2484_01,TRUE
1181,2484_02,FALSE
1182,2485_01,FALSE
1183,2487_01,TRUE
1184,2487_02,TRUE
1185,2487_03,FALSE
1186,2490_01,FALSE
1187,2493_01,FALSE
1188,2493_02,FALSE
1189,2494_01,TRUE
1190,2494_02,FALSE
1191,2495_01,FALSE
1192,2501_01,TRUE
1193,2504_01,FALSE
1194,2507_01,TRUE
1195,2511_01,TRUE
1196,2514_01,TRUE
1197,2517_01,TRUE
1198,2525_01,FALSE
1199,2529_01,FALSE
1200,2533_01,FALSE
1201,2536_01,TRUE
1202,2538_01,TRUE
1203,2538_02,TRUE
1204,2539_01,FALSE
1205,2543_01,FALSE
1206,2554_01,TRUE
1207,2556_01,TRUE
1208,2563_01,TRUE
1209,2566_01,FALSE
1210,2567_01,TRUE
1211,2567_02,TRUE
1212,2568_01,TRUE
1213,2569_01,TRUE
1214,2570_01,TRUE
1215,2575_01,TRUE
1216,2576_01,TRUE
1217,2577_01,TRUE
1218,2577_02,FALSE
1219,2579_01,FALSE
1220,2583_01,TRUE
1221,2585_01,TRUE
1222,2586_01,TRUE
1223,2587_01,TRUE
1224,2587_02,TRUE
1225,2600_01,TRUE
1226,2603_01,TRUE
1227,2603_02,FALSE
1228,2604_01,TRUE
1229,2608_01,TRUE
1230,2610_01,FALSE
1231,2611_01,FALSE
1232,2612_01,FALSE
1233,2613_01,TRUE
1234,2614_01,FALSE
1235,2615_01,FALSE
1236,2620_01,TRUE
1237,2621_01,FALSE
1238,2623_01,FALSE
1239,2630_01,FALSE
1240,2630_02,FALSE
1241,2630_03,FALSE
1242,2632_01,FALSE
1243,2637_01,FALSE
1244,2637_02,FALSE
1245,2637_03,TRUE
1246,2639_01,TRUE
1247,2644_01,FALSE
1248,2653_01,FALSE
1249,2654_01,FALSE
1250,2656_01,TRUE
1251,2665_01,FALSE
1252,2667_01,TRUE
1253,2667_02,FALSE
1254,2667_03,FALSE
1255,2667_04,TRUE
1256,2667_05,TRUE
1257,2669_01,FALSE
1258,2673_01,TRUE
1259,2674_01,FALSE
1260,2674_02,FALSE
1261,2680_01,FALSE
1262,2681_01,FALSE
1263,2686_01,FALSE
1264,2689_01,FALSE
1265,2694_01,TRUE
1266,2694_02,TRUE
1267,2696_01,TRUE
1268,2699_01,FALSE
1269,2705_01,TRUE
1270,2710_01,TRUE
1271,2710_02,TRUE
1272,2711_01,TRUE
1273,2715_01,FALSE
1274,2715_02,FALSE
1275,2716_01,FALSE
1276,2716_02,TRUE
1277,2719_01,FALSE
1278,2719_02,TRUE
1279,2719_03,FALSE
1280,2728_01,FALSE
1281,2731_01,FALSE
1282,2733_01,FALSE
1283,2735_01,FALSE
1284,2742_01,TRUE
1285,2744_01,FALSE
1286,2749_01,TRUE
1287,2757_01,FALSE
1288,2761_01,FALSE
1289,2761_02,FALSE
1290,2766_01,TRUE
1291,2767_01,FALSE
1292,2771_01,FALSE
1293,2775_01,FALSE
1294,2776_01,TRUE
1295,2777_01,TRUE
1296,2779_01,FALSE
1297,2782_01,FALSE
1298,2791_01,FALSE
1299,2794_01,FALSE
1300,2794_02,FALSE
1301,2794_03,TRUE
1302,2794_04,TRUE
1303,2794_05,FALSE
1304,2794_06,TRUE
1305,2794_07,TRUE
1306,2800_01,TRUE
1307,2803_01,TRUE
1308,2804_01,TRUE
1309,2808_01,TRUE
1310,2808_02,TRUE
1311,2815_01,FALSE
1312,2815_02,TRUE
1313,2815_03,FALSE
1314,2816_01,TRUE
1315,2827_01,TRUE
1316,2828_01,FALSE
1317,2829_01,TRUE
1318,2830_01,FALSE
1319,2833_01,TRUE
1320,2836_01,TRUE
1321,2841_01,FALSE
1322,2842_01,FALSE
1323,2844_01,FALSE
1324,2845_01,TRUE
1325,2845_02,TRUE
1326,2848_01,TRUE
1327,2848_02,TRUE
1328,2848_03,TRUE
1329,2849_01,FALSE
1330,2850_01,TRUE
1331,2850_02,TRUE
1332,2850_03,FALSE
1333,2850_04,TRUE
1334,2851_01,FALSE
1335,2855_01,TRUE
1336,2864_01,FALSE
1337,2868_01,FALSE
1338,2868_02,TRUE
1339,2868_03,TRUE
1340,2868_04,TRUE
1341,2874_01,FALSE
1342,2879_01,FALSE
1343,2885_01,FALSE
1344,2886_01,FALSE
1345,2889_01,FALSE
1346,2895_01,TRUE
1347,2896_01,FALSE
1348,2898_01,TRUE
1349,2898_02,TRUE
1350,2903_01,TRUE
1351,2904_01,FALSE
1352,2904_02,TRUE
1353,2911_01,FALSE
1354,2914_01,TRUE
1355,2915_01,TRUE
1356,2916_01,TRUE
1357,2917_01,FALSE
1358,2918_01,FALSE
1359,2921_01,FALSE
1360,2922_01,TRUE
1361,2923_01,TRUE
1362,2924_01,FALSE
1363,2931_01,TRUE
1364,2931_02,FALSE
1365,2932_01,TRUE
1366,2933_01,FALSE
1367,2937_01,FALSE
1368,2939_01,TRUE
1369,2946_01,FALSE
1370,2946_02,FALSE
1371,2946_03,TRUE
1372,2946_04,FALSE
1373,2947_01,TRUE
1374,2951_01,FALSE
1375,2952_01,FALSE
1376,2955_01,FALSE
1377,2957_01,TRUE
1378,2963_01,FALSE
1379,2967_01,TRUE
1380,2973_01,FALSE
1381,2974_01,FALSE
1382,2976_01,TRUE
1383,2976_02,TRUE
1384,2976_03,TRUE
1385,2976_04,FALSE
1386,2977_01,FALSE
1387,2977_02,FALSE
1388,2977_03,FALSE
1389,2978_01,FALSE
1390,2980_01,FALSE
1391,2981_01,TRUE
1392,2985_01,FALSE
1393,2987_01,FALSE
1394,2989_01,FALSE
1395,2991_01,FALSE
1396,2997_01,TRUE
1397,2997_02,FALSE
1398,2997_03,FALSE
1399,2997_04,TRUE
1400,2999_01,TRUE
1401,3002_01,FALSE
1402,3007_01,FALSE
1403,3008_01,TRUE
1404,3008_02,FALSE
1405,3008_03,TRUE
1406,3008_04,FALSE
1407,3008_05,TRUE
1408,3008_06,TRUE
1409,3011_01,FALSE
1410,3016_01,TRUE
1411,3016_02,TRUE
1412,3016_03,TRUE
1413,3016_04,FALSE
1414,3017_01,TRUE
1415,3028_01,TRUE
1416,3031_01,TRUE
1417,3035_01,FALSE
1418,3037_01,TRUE
1419,3037_02,TRUE
1420,3041_01,FALSE
1421,3043_01,FALSE
1422,3046_01,TRUE
1423,3049_01,FALSE
1424,3051_01,FALSE
1425,3052_01,FALSE
1426,3056_01,TRUE
1427,3057_01,FALSE
1428,3058_01,FALSE
1429,3059_01,TRUE
1430,3069_01,FALSE
1431,3072_01,TRUE
1432,3074_01,TRUE
1433,3075_01,TRUE
1434,3077_01,TRUE
1435,3077_02,TRUE
1436,3078_01,FALSE
1437,3078_02,FALSE
1438,3078_03,TRUE
1439,3078_04,FALSE
1440,3086_01,FALSE
1441,3089_01,TRUE
1442,3094_01,TRUE
1443,3097_01,TRUE
1444,3098_01,FALSE
1445,3101_01,FALSE
1446,3105_01,TRUE
1447,3105_02,TRUE
1448,3105_03,TRUE
1449,3106_01,TRUE
1450,3107_01,TRUE
1451,3108_01,TRUE
1452,3109_01,FALSE
1453,3115_01,TRUE
1454,3122_01,FALSE
1455,3122_02,FALSE
1456,3125_01,FALSE
1457,3125_02,FALSE
1458,3127_01,TRUE
1459,3129_01,TRUE
1460,3135_01,FALSE
1461,3137_01,TRUE
1462,3139_01,FALSE
1463,3141_01,TRUE
1464,3144_01,FALSE
1465,3146_01,FALSE
1466,3148_01,TRUE
1467,3148_02,FALSE
1468,3150_01,TRUE
1469,3151_01,TRUE
1470,3153_01,FALSE
1471,3153_02,TRUE
1472,3154_01,TRUE
1473,3155_01,TRUE
1474,3155_02,TRUE
1475,3156_01,FALSE
1476,3157_01,FALSE
1477,3160_01,FALSE
1478,3165_01,FALSE
1479,3167_01,TRUE
1480,3170_01,TRUE
1481,3173_01,FALSE
1482,3177_01,TRUE
1483,3178_01,TRUE
1484,3183_01,FALSE
1485,3186_01,TRUE
1486,3187_01,FALSE
1487,3190_01,FALSE
1488,3190_02,TRUE
1489,3194_01,FALSE
1490,3198_01,FALSE
1491,3199_01,TRUE
1492,3202_01,TRUE
1493,3207_01,FALSE
1494,3208_01,FALSE
1495,3214_01,TRUE
1496,3222_01,FALSE
1497,3226_01,TRUE
1498,3228_01,FALSE
1499,3231_01,TRUE
1500,3233_01,FALSE
1501,3234_01,FALSE
1502,3242_01,FALSE
1503,3244_01,TRUE
1504,3244_02,TRUE
1505,3244_03,TRUE
1506,3245_01,TRUE
1507,3245_02,FALSE
1508,3246_01,TRUE
1509,3249_01,FALSE
1510,3249_02,FALSE
1511,3250_01,FALSE
1512,3251_01,FALSE
1513,3257_01,TRUE
1514,3261_01,FALSE
1515,3263_01,TRUE
1516,3264_01,FALSE
1517,3265_01,FALSE
1518,3265_02,TRUE
1519,3265_03,TRUE
1520,3265_04,TRUE
1521,3266_01,FALSE
1522,3267_01,TRUE
1523,3277_01,FALSE
1524,3278_01,TRUE
1525,3281_01,TRUE
1526,3285_01,FALSE
1527,3285_02,TRUE
1528,3286_01,FALSE
1529,3288_01,TRUE
1530,3290_01,TRUE
1531,3290_02,FALSE
1532,3291_01,TRUE
1533,3302_01,FALSE
1534,3303_01,FALSE
1535,3306_01,FALSE
1536,3307_01,FALSE
1537,3316_01,TRUE
1538,3320_01,FALSE
1539,3320_02,FALSE
1540,3321_01,TRUE
1541,3333_01,TRUE
1542,3334_01,FALSE
1543,3335_01,FALSE
1544,3340_01,FALSE
1545,3341_01,TRUE
1546,3341_02,FALSE
1547,3344_01,TRUE
1548,3344_02,TRUE
1549,3345_01,TRUE
1550,3345_02,FALSE
1551,3345_03,TRUE
1552,3346_01,FALSE
1553,3347_01,FALSE
1554,3347_02,FALSE
1555,3351_01,TRUE
1556,3351_02,TRUE
1557,3354_01,FALSE
1558,3355_01,TRUE
1559,3356_01,FALSE
1560,3358_01,FALSE
1561,3362_01,FALSE
1562,3362_02,FALSE
1563,3366_01,TRUE
1564,3367_01,TRUE
1565,3368_01,TRUE
1566,3368_02,TRUE
1567,3368_03,FALSE
1568,3368_04,TRUE
1569,3368_05,TRUE
1570,3368_06,FALSE
1571,3368_07,FALSE
1572,3369_01,FALSE
1573,3373_01,TRUE
1574,3374_01,FALSE
1575,3375_01,FALSE
1576,3376_01,TRUE
1577,3378_01,TRUE
1578,3379_01,TRUE
1579,3385_01,TRUE
1580,3388_01,TRUE
1581,3393_01,FALSE
1582,3398_01,FALSE
1583,3399_01,FALSE
1584,3400_01,TRUE
1585,3407_01,FALSE
1586,3407_02,FALSE
1587,3411_01,FALSE
1588,3411_02,TRUE
1589,3411_03,FALSE
1590,3411_04,FALSE
1591,3411_05,TRUE
1592,3411_06,TRUE
1593,3411_07,FALSE
1594,3414_01,FALSE
1595,3416_01,FALSE
1596,3427_01,TRUE
1597,3429_01,TRUE
1598,3435_01,FALSE
1599,3436_01,TRUE
1600,3448_01,FALSE
1601,3448_02,TRUE
1602,3451_01,FALSE
1603,3452_01,FALSE
1604,3457_01,TRUE
1605,3460_01,FALSE
1606,3463_01,FALSE
1607,3466_01,FALSE
1608,3471_01,FALSE
1609,3472_01,TRUE
1610,3477_01,FALSE
1611,3477_02,TRUE
1612,3479_01,FALSE
1613,3481_01,FALSE
1614,3482_01,FALSE
1615,3482_02,TRUE
1616,3493_01,TRUE
1617,3494_01,FALSE
1618,3494_02,TRUE
1619,3498_01,FALSE
1620,3500_01,FALSE
1621,3502_01,FALSE
1622,3503_01,FALSE
1623,3505_01,FALSE
1624,3507_01,FALSE
1625,3508_01,FALSE
1626,3508_02,TRUE
1627,3509_01,TRUE
1628,3509_02,FALSE
1629,3510_01,TRUE
1630,3513_01,TRUE
1631,3513_02,TRUE
1632,3513_03,TRUE
1633,3513_04,TRUE
1634,3516_01,FALSE
1635,3517_01,TRUE
1636,3522_01,TRUE
1637,3524_01,FALSE
1638,3526_01,FALSE
1639,3529_01,TRUE
1640,3532_01,TRUE
1641,3538_01,FALSE
1642,3541_01,FALSE
1643,3544_01,FALSE
1644,3544_02,FALSE
1645,3545_01,FALSE
1646,3549_01,FALSE
1647,3549_02,TRUE
1648,3551_01,FALSE
1649,3554_01,FALSE
1650,3557_01,FALSE
1651,3571_01,FALSE
1652,3574_01,FALSE
1653,3575_01,FALSE
1654,3580_01,TRUE
1655,3580_02,TRUE
1656,3581_01,FALSE
1657,3583_01,FALSE
1658,3585_01,TRUE
1659,3587_01,TRUE
1660,3587_02,TRUE
1661,3587_03,TRUE
1662,3589_01,FALSE
1663,3589_02,TRUE
1664,3589_03,TRUE
1665,3589_04,TRUE
1666,3589_05,FALSE
1667,3589_06,TRUE
1668,3589_07,TRUE
1669,3590_01,FALSE
1670,3593_01,TRUE
1671,3599_01,TRUE
1672,3601_01,FALSE
1673,3601_02,TRUE
1674,3601_03,TRUE
1675,3601_04,TRUE
1676,3601_05,TRUE
1677,3601_06,FALSE
1678,3601_07,TRUE
1679,3603_01,FALSE
1680,3603_02,TRUE
1681,3604_01,TRUE
1682,3611_01,FALSE
1683,3617_01,FALSE
1684,3617_02,TRUE
1685,3617_03,FALSE
1686,3618_01,TRUE
1687,3618_02,FALSE
1688,3618_03,TRUE
1689,3618_04,FALSE
1690,3621_01,FALSE
1691,3621_02,FALSE
1692,3623_01,TRUE
1693,3627_01,TRUE
1694,3632_01,FALSE
1695,3633_01,TRUE
1696,3635_01,TRUE
1697,3635_02,FALSE
1698,3637_01,FALSE
1699,3638_01,FALSE
1700,3643_01,TRUE
1701,3646_01,FALSE
1702,3646_02,FALSE
1703,3649_01,FALSE
1704,3651_01,TRUE
1705,3656_01,TRUE
1706,3656_02,FALSE
1707,3657_01,TRUE
1708,3657_02,TRUE
1709,3657_03,FALSE
1710,3659_01,TRUE
1711,3659_02,TRUE
1712,3659_03,TRUE
1713,3659_04,FALSE
1714,3659_05,FALSE
1715,3659_06,TRUE
1716,3659_07,FALSE
1717,3661_01,FALSE
1718,3663_01,TRUE
1719,3666_01,TRUE
1720,3669_01,FALSE
1721,3670_01,FALSE
1722,3672_01,FALSE
1723,3672_02,FALSE
1724,3673_01,FALSE
1725,3675_01,FALSE
1726,3675_02,TRUE
1727,3675_03,TRUE
1728,3676_01,TRUE
1729,3683_01,TRUE
1730,3683_02,TRUE
1731,3684_01,FALSE
1732,3684_02,FALSE
1733,3685_01,TRUE
1734,3687_01,TRUE
1735,3689_01,FALSE
1736,3694_01,TRUE
1737,3695_01,FALSE
1738,3696_01,TRUE
1739,3697_01,FALSE
1740,3698_01,FALSE
1741,3701_01,TRUE
1742,3701_02,FALSE
1743,3701_03,TRUE
1744,3709_01,TRUE
1745,3712_01,TRUE
1746,3712_02,TRUE
1747,3712_03,TRUE
1748,3712_04,TRUE
1749,3712_05,FALSE
1750,3717_01,FALSE
1751,3717_02,FALSE
1752,3718_01,TRUE
1753,3720_01,TRUE
1754,3720_02,TRUE
1755,3720_03,TRUE
1756,3721_01,FALSE
1757,3722_01,FALSE
1758,3723_01,FALSE
1759,3725_01,TRUE
1760,3727_01,FALSE
1761,3730_01,TRUE
1762,3731_01,TRUE
1763,3738_01,TRUE
1764,3740_01,FALSE
1765,3746_01,FALSE
1766,3746_02,TRUE
1767,3746_03,TRUE
1768,3746_04,TRUE
1769,3762_01,FALSE
1770,3763_01,FALSE
1771,3764_01,TRUE
1772,3764_02,FALSE
1773,3766_01,TRUE
1774,3766_02,TRUE
1775,3780_01,TRUE
1776,3782_01,TRUE
1777,3782_02,FALSE
1778,3791_01,FALSE
1779,3792_01,FALSE
1780,3794_01,TRUE
1781,3799_01,TRUE
1782,3800_01,FALSE
1783,3802_01,FALSE
1784,3806_01,TRUE
1785,3808_01,TRUE
1786,3809_01,FALSE
1787,3809_02,FALSE
1788,3813_01,TRUE
1789,3819_01,FALSE
1790,3825_01,FALSE
1791,3827_01,FALSE
1792,3828_01,TRUE
1793,3828_02,FALSE
1794,3828_03,TRUE
1795,3829_01,TRUE
1796,3829_02,TRUE
1797,3833_01,TRUE
1798,3834_01,TRUE
1799,3837_01,FALSE
1800,3840_01,FALSE
1801,3843_01,FALSE
1802,3844_01,FALSE
1803,3844_02,TRUE
1804,3845_01,TRUE
1805,3855_01,TRUE
1806,3858_01,TRUE
1807,3858_02,TRUE
1808,3858_03,FALSE
1809,3858_04,FALSE
1810,3859_01,TRUE
1811,3860_01,TRUE
1812,3861_01,FALSE
1813,3863_01,FALSE
1814,3865_01,TRUE
1815,3869_01,TRUE
1816,3876_01,TRUE
1817,3876_02,FALSE
1818,3876_03,TRUE
1819,3877_01,FALSE
1820,3878_01,FALSE
1821,3880_01,TRUE
1822,3881_01,FALSE
1823,3882_01,TRUE
1824,3884_01,FALSE
1825,3885_01,FALSE
1826,3887_01,TRUE
1827,3889_01,FALSE
1828,3889_02,FALSE
1829,3891_01,TRUE
1830,3892_01,FALSE
1831,3892_02,FALSE
1832,3893_01,FALSE
1833,3893_02,TRUE
1834,3893_03,FALSE
1835,3900_01,FALSE
1836,3901_01,FALSE
1837,3902_01,TRUE
1838,3905_01,TRUE
1839,3906_01,FALSE
1840,3906_02,FALSE
1841,3908_01,FALSE
1842,3908_02,TRUE
1843,3910_01,TRUE
1844,3914_01,FALSE
1845,3918_01,FALSE
1846,3920_01,FALSE
1847,3925_01,FALSE
1848,3925_02,FALSE
1849,3929_01,TRUE
1850,3934_01,TRUE
1851,3934_02,TRUE
1852,3943_01,FALSE
1853,3943_02,TRUE
1854,3943_03,FALSE
1855,3947_01,FALSE
1856,3951_01,FALSE
1857,3953_01,TRUE
1858,3956_01,TRUE
1859,3957_01,FALSE
1860,3965_01,FALSE
1861,3969_01,FALSE
1862,3972_01,TRUE
1863,3975_01,FALSE
1864,3978_01,FALSE
1865,3979_01,FALSE
1866,3982_01,FALSE
1867,3983_01,FALSE
1868,3989_01,TRUE
1869,3989_02,TRUE
1870,3989_03,FALSE
1871,3989_04,TRUE
1872,3990_01,FALSE
1873,3993_01,FALSE
1874,4004_01,FALSE
1875,4007_01,FALSE
1876,4011_01,TRUE
1877,4012_01,FALSE
1878,4012_02,TRUE
1879,4015_01,TRUE
1880,4015_02,FALSE
1881,4024_01,FALSE
1882,4025_01,TRUE
1883,4028_01,TRUE
1884,4029_01,TRUE
1885,4041_01,FALSE
1886,4048_01,TRUE
1887,4048_02,TRUE
1888,4048_03,TRUE
1889,4051_01,TRUE
1890,4052_01,TRUE
1891,4054_01,TRUE
1892,4054_02,TRUE
1893,4054_03,FALSE
1894,4056_01,FALSE
1895,4057_01,FALSE
1896,4059_01,TRUE
1897,4059_02,FALSE
1898,4062_01,FALSE
1899,4067_01,TRUE
1900,4070_01,TRUE
1901,4070_02,TRUE
1902,4070_03,FALSE
1903,4073_01,FALSE
1904,4073_02,TRUE
1905,4074_01,FALSE
1906,4077_01,FALSE
1907,4085_01,TRUE
1908,4086_01,FALSE
1909,4086_02,TRUE
1910,4086_03,TRUE
1911,4087_01,FALSE
1912,4088_01,TRUE
1913,4092_01,TRUE
1914,4094_01,FALSE
1915,4094_02,FALSE
1916,4100_01,TRUE
1917,4105_01,FALSE
1918,4111_01,TRUE
1919,4117_01,FALSE
1920,4118_01,FALSE
1921,4119_01,TRUE
1922,4121_01,FALSE
1923,4122_01,TRUE
1924,4123_01,FALSE
1925,4124_01,TRUE
1926,4126_01,FALSE
1927,4133_01,TRUE
1928,4133_02,FALSE
1929,4136_01,TRUE
1930,4136_02,FALSE
1931,4138_01,FALSE
1932,4139_01,FALSE
1933,4146_01,FALSE
1934,4148_01,TRUE
1935,4153_01,FALSE
1936,4155_01,TRUE
1937,4157_01,FALSE
1938,4161_01,FALSE
1939,4162_01,TRUE
1940,4164_01,TRUE
1941,4180_01,TRUE
1942,4180_02,FALSE
1943,4187_01,FALSE
1944,4190_01,TRUE
1945,4192_01,FALSE
1946,4193_01,TRUE
1947,4195_01,TRUE
1948,4198_01,TRUE
1949,4200_01,FALSE
1950,4201_01,FALSE
1951,4202_01,TRUE
1952,4202_02,FALSE
1953,4209_01,FALSE
1954,4217_01,FALSE
1955,4224_01,FALSE
1956,4224_02,FALSE
1957,4226_01,TRUE
1958,4226_02,FALSE
1959,4227_01,TRUE
1960,4228_01,FALSE
1961,4234_01,FALSE
1962,4234_02,FALSE
1963,4235_01,FALSE
1964,4235_02,TRUE
1965,4236_01,FALSE
1966,4236_02,TRUE
1967,4241_01,FALSE
1968,4247_01,TRUE
1969,4247_02,FALSE
1970,4248_01,FALSE
1971,4248_02,FALSE
1972,4250_01,FALSE
1973,4263_01,FALSE
1974,4263_02,TRUE
1975,4263_03,TRUE
1976,4265_01,TRUE
1977,4268_01,TRUE
1978,4268_02,FALSE
1979,4269_01,TRUE
1980,4275_01,FALSE
1981,4276_01,FALSE
1982,4277_01,FALSE
1983,4279_01,FALSE
1984,4281_01,FALSE
1985,4282_01,TRUE
1986,4283_01,TRUE
1987,4284_01,TRUE
1988,4284_02,FALSE
1989,4285_01,TRUE
1990,4286_01,TRUE
1991,4286_02,FALSE
1992,4286_03,FALSE
1993,4287_01,TRUE
1994,4288_01,TRUE
1995,4288_02,FALSE
1996,4290_01,FALSE
1997,4298_01,FALSE
1998,4298_02,TRUE
1999,4298_03,TRUE
2000,4299_01,FALSE
2001,4304_01,FALSE
2002,4307_01,TRUE
2003,4308_01,TRUE
2004,4310_01,FALSE
2005,4313_01,TRUE
2006,4314_01,FALSE
2007,4321_01,TRUE
2008,4322_01,TRUE
2009,4323_01,TRUE
2010,4323_02,FALSE
2011,4323_03,FALSE
2012,4323_04,TRUE
2013,4325_01,FALSE
2014,4326_01,FALSE
2015,4328_01,TRUE
2016,4331_01,TRUE
2017,4341_01,TRUE
2018,4341_02,FALSE
2019,4342_01,TRUE
2020,4353_01,FALSE
2021,4355_01,TRUE
2022,4363_01,FALSE
2023,4374_01,FALSE
2024,4375_01,TRUE
2025,4377_01,FALSE
2026,4377_02,FALSE
2027,4377_03,TRUE
2028,4378_01,FALSE
2029,4378_02,FALSE
2030,4379_01,TRUE
2031,4380_01,FALSE
2032,4381_01,TRUE
2033,4381_02,FALSE
2034,4384_01,FALSE
2035,4385_01,FALSE
2036,4385_02,FALSE
2037,4385_03,TRUE
2038,4389_01,FALSE
2039,4394_01,FALSE
2040,4398_01,FALSE
2041,4406_01,FALSE
2042,4412_01,FALSE
2043,4414_01,TRUE
2044,4417_01,TRUE
2045,4418_01,FALSE
2046,4419_01,FALSE
2047,4419_02,FALSE
2048,4420_01,FALSE
2049,4420_02,FALSE
2050,4421_01,TRUE
2051,4423_01,FALSE
2052,4425_01,TRUE
2053,4425_02,FALSE
2054,4434_01,FALSE
2055,4435_01,TRUE
2056,4435_02,TRUE
2057,4439_01,TRUE
2058,4439_02,FALSE
2059,4442_01,TRUE
2060,4443_01,FALSE
2061,4443_02,FALSE
2062,4454_01,TRUE
2063,4455_01,FALSE
2064,4455_02,FALSE
2065,4455_03,TRUE
2066,4458_01,TRUE
2067,4460_01,TRUE
2068,4468_01,TRUE
2069,4471_01,FALSE
2070,4478_01,FALSE
2071,4480_01,TRUE
2072,4481_01,FALSE
2073,4484_01,FALSE
2074,4488_01,FALSE
2075,4489_01,FALSE
2076,4495_01,FALSE
2077,4499_01,TRUE
2078,4503_01,FALSE
2079,4504_01,TRUE
2080,4507_01,FALSE
2081,4513_01,FALSE
2082,4519_01,FALSE
2083,4520_01,FALSE
2084,4523_01,TRUE
2085,4523_02,TRUE
2086,4523_03,FALSE
2087,4523_04,TRUE
2088,4523_05,TRUE
2089,4523_06,TRUE
2090,4525_01,FALSE
2091,4526_01,FALSE
2092,4527_01,FALSE
2093,4528_01,FALSE
2094,4536_01,FALSE
2095,4540_01,TRUE
2096,4541_01,FALSE
2097,4545_01,FALSE
2098,4548_01,TRUE
2099,4551_01,TRUE
2100,4551_02,TRUE
2101,4551_03,TRUE
2102,4551_04,TRUE
2103,4554_01,FALSE
2104,4556_01,FALSE
2105,4566_01,FALSE
2106,4578_01,FALSE
2107,4579_01,TRUE
2108,4582_01,TRUE
2109,4582_02,TRUE
2110,4582_03,TRUE
2111,4582_04,TRUE
2112,4582_05,TRUE
2113,4582_06,TRUE
2114,4582_07,FALSE
2115,4583_01,TRUE
2116,4583_02,TRUE
2117,4583_03,FALSE
2118,4584_01,FALSE
2119,4588_01,FALSE
2120,4589_01,FALSE
2121,4590_01,FALSE
2122,4598_01,FALSE
2123,4599_01,TRUE
2124,4600_01,TRUE
2125,4600_02,TRUE
2126,4601_01,FALSE
2127,4614_01,FALSE
2128,4614_02,FALSE
2129,4616_01,FALSE
2130,4618_01,FALSE
2131,4619_01,TRUE
2132,4626_01,TRUE
2133,4626_02,FALSE
2134,4627_01,FALSE
2135,4629_01,FALSE
2136,4636_01,FALSE
2137,4639_01,TRUE
2138,4639_02,TRUE
2139,4639_03,FALSE
2140,4639_04,FALSE
2141,4639_05,TRUE
2142,4639_06,TRUE
2143,4647_01,TRUE
2144,4660_01,TRUE
2145,4666_01,FALSE
2146,4669_01,TRUE
2147,4670_01,FALSE
2148,4671_01,TRUE
2149,4671_02,FALSE
2150,4671_03,TRUE
2151,4671_04,TRUE
2152,4674_01,FALSE
2153,4675_01,FALSE
2154,4675_02,FALSE
2155,4681_01,FALSE
2156,4682_01,FALSE
2157,4683_01,TRUE
2158,4683_02,FALSE
2159,4685_01,TRUE
2160,4687_01,FALSE
2161,4688_01,FALSE
2162,4692_01,FALSE
2163,4697_01,TRUE
2164,4698_01,TRUE
2165,4700_01,TRUE
2166,4701_01,TRUE
2167,4701_02,TRUE
2168,4701_03,TRUE
2169,4701_04,TRUE
2170,4702_01,TRUE
2171,4702_02,FALSE
2172,4703_01,TRUE
2173,4703_02,TRUE
2174,4705_01,TRUE
2175,4705_02,FALSE
2176,4707_01,FALSE
2177,4707_02,FALSE
2178,4715_01,TRUE
2179,4716_01,FALSE
2180,4718_01,TRUE
2181,4722_01,FALSE
2182,4724_01,TRUE
2183,4727_01,FALSE
2184,4727_02,FALSE
2185,4729_01,FALSE
2186,4731_01,TRUE
2187,4734_01,FALSE
2188,4735_01,FALSE
2189,4736_01,TRUE
2190,4737_01,FALSE
2191,4740_01,TRUE
2192,4742_01,FALSE
2193,4745_01,TRUE
2194,4747_01,TRUE
2195,4747_02,TRUE
2196,4749_01,FALSE
2197,4751_01,FALSE
2198,4760_01,FALSE
2199,4761_01,TRUE
2200,4761_02,TRUE
2201,4761_03,TRUE
2202,4765_01,TRUE
2203,4766_01,TRUE
2204,4767_01,TRUE
2205,4768_01,FALSE
2206,4768_02,TRUE
2207,4771_01,TRUE
2208,4776_01,TRUE
2209,4776_02,TRUE
2210,4776_03,TRUE
2211,4776_04,TRUE
2212,4779_01,FALSE
2213,4781_01,FALSE
2214,4789_01,TRUE
2215,4799_01,FALSE
2216,4799_02,FALSE
2217,4799_03,FALSE
2218,4800_01,FALSE
2219,4802_01,TRUE
2220,4802_02,FALSE
2221,4805_01,TRUE
2222,4806_01,TRUE
2223,4809_01,FALSE
2224,4811_01,FALSE
2225,4812_01,TRUE
2226,4816_01,FALSE
2227,4820_01,TRUE
2228,4820_02,FALSE
2229,4821_01,TRUE
2230,4824_01,TRUE
2231,4825_01,TRUE
2232,4826_01,TRUE
2233,4833_01,FALSE
2234,4833_02,FALSE
2235,4834_01,TRUE
2236,4835_01,FALSE
2237,4839_01,FALSE
2238,4843_01,FALSE
2239,4843_02,TRUE
2240,4844_01,TRUE
2241,4849_01,TRUE
2242,4852_01,TRUE
2243,4854_01,TRUE
2244,4855_01,TRUE
2245,4855_02,TRUE
2246,4858_01,FALSE
2247,4859_01,TRUE
2248,4860_01,FALSE
2249,4861_01,FALSE
2250,4865_01,FALSE
2251,4867_01,FALSE
2252,4869_01,FALSE
2253,4872_01,FALSE
2254,4877_01,FALSE
2255,4894_01,TRUE
2256,4905_01,TRUE
2257,4906_01,FALSE
2258,4907_01,TRUE
2259,4908_01,TRUE
2260,4914_01,FALSE
2261,4919_01,FALSE
2262,4921_01,FALSE
2263,4922_01,FALSE
2264,4926_01,FALSE
2265,4928_01,TRUE
2266,4931_01,TRUE
2267,4935_01,FALSE
2268,4935_02,TRUE
2269,4935_03,FALSE
2270,4936_01,FALSE
2271,4947_01,FALSE
2272,4948_01,FALSE
2273,4949_01,TRUE
2274,4949_02,FALSE
2275,4953_01,TRUE
2276,4955_01,FALSE
2277,4957_01,TRUE
2278,4959_01,TRUE
2279,4960_01,FALSE
2280,4962_01,FALSE
2281,4966_01,TRUE
2282,4966_02,TRUE
2283,4967_01,FALSE
2284,4968_01,TRUE
2285,4969_01,FALSE
2286,4969_02,FALSE
2287,4971_01,TRUE
2288,4976_01,FALSE
2289,4982_01,TRUE
2290,4984_01,FALSE
2291,4984_02,FALSE
2292,4985_01,FALSE
2293,4986_01,FALSE
2294,4988_01,TRUE
2295,4993_01,TRUE
2296,4994_01,FALSE
2297,5001_01,FALSE
2298,5002_01,TRUE
2299,5011_01,TRUE
2300,5022_01,FALSE
2301,5024_01,TRUE
2302,5024_02,FALSE
2303,5024_03,FALSE
2304,5024_04,FALSE
2305,5024_05,TRUE
2306,5026_01,FALSE
2307,5029_01,TRUE
2308,5029_02,TRUE
2309,5030_01,FALSE
2310,5031_01,FALSE
2311,5031_02,FALSE
2312,5033_01,FALSE
2313,5033_02,FALSE
2314,5037_01,FALSE
2315,5038_01,FALSE
2316,5038_02,TRUE
2317,5041_01,FALSE
2318,5043_01,TRUE
2319,5043_02,TRUE
2320,5043_03,FALSE
2321,5045_01,TRUE
2322,5046_01,TRUE
2323,5047_01,TRUE
2324,5049_01,FALSE
2325,5053_01,FALSE
2326,5054_01,FALSE
2327,5055_01,TRUE
2328,5056_01,TRUE
2329,5056_02,TRUE
2330,5066_01,TRUE
2331,5071_01,TRUE
2332,5075_01,TRUE
2333,5077_01,FALSE
2334,5078_01,FALSE
2335,5079_01,TRUE
2336,5081_01,TRUE
2337,5082_01,FALSE
2338,5086_01,FALSE
2339,5086_02,FALSE
2340,5092_01,FALSE
2341,5094_01,TRUE
2342,5094_02,FALSE
2343,5096_01,FALSE
2344,5096_02,FALSE
2345,5098_01,FALSE
2346,5098_02,TRUE
2347,5098_03,TRUE
2348,5099_01,FALSE
2349,5100_01,TRUE
2350,5101_01,TRUE
2351,5102_01,FALSE
2352,5107_01,FALSE
2353,5110_01,TRUE
2354,5113_01,FALSE
2355,5114_01,TRUE
2356,5117_01,FALSE
2357,5118_01,TRUE
2358,5119_01,FALSE
2359,5121_01,FALSE
2360,5123_01,FALSE
2361,5131_01,FALSE
2362,5131_02,TRUE
2363,5134_01,FALSE
2364,5135_01,FALSE
2365,5139_01,FALSE
2366,5141_01,TRUE
2367,5143_01,FALSE
2368,5147_01,TRUE
2369,5149_01,FALSE
2370,5149_02,TRUE
2371,5150_01,FALSE
2372,5153_01,TRUE
2373,5155_01,FALSE
2374,5159_01,TRUE
2375,5159_02,FALSE
2376,5164_01,TRUE
2377,5164_02,TRUE
2378,5168_01,FALSE
2379,5169_01,FALSE
2380,5172_01,FALSE
2381,5178_01,TRUE
2382,5183_01,TRUE
2383,5189_01,TRUE
2384,5191_01,FALSE
2385,5195_01,FALSE
2386,5200_01,FALSE
2387,5203_01,TRUE
2388,5203_02,TRUE
2389,5212_01,FALSE
2390,5215_01,FALSE
2391,5219_01,TRUE
2392,5219_02,TRUE
2393,5222_01,FALSE
2394,5228_01,TRUE
2395,5228_02,FALSE
2396,5231_01,FALSE
2397,5232_01,FALSE
2398,5232_02,FALSE
2399,5233_01,FALSE
2400,5237_01,TRUE
2401,5241_01,FALSE
2402,5241_02,TRUE
2403,5245_01,TRUE
2404,5259_01,FALSE
2405,5261_01,FALSE
2406,5263_01,FALSE
2407,5267_01,FALSE
2408,5267_02,TRUE
2409,5267_03,TRUE
2410,5270_01,TRUE
2411,5283_01,FALSE
2412,5284_01,TRUE
2413,5285_01,TRUE
2414,5286_01,FALSE
2415,5289_01,TRUE
2416,5293_01,FALSE
2417,5293_02,FALSE
2418,5294_01,FALSE
2419,5295_01,FALSE
2420,5296_01,FALSE
2421,5302_01,TRUE
2422,5306_01,FALSE
2423,5306_02,TRUE
2424,5308_01,TRUE
2425,5308_02,TRUE
2426,5308_03,FALSE
2427,5309_01,TRUE
2428,5311_01,TRUE
2429,5317_01,FALSE
2430,5317_02,TRUE
2431,5318_01,TRUE
2432,5318_02,TRUE
2433,5319_01,FALSE
2434,5321_01,FALSE
2435,5324_01,FALSE
2436,5328_01,TRUE
2437,5329_01,FALSE
2438,5329_02,TRUE
2439,5329_03,FALSE
2440,5329_04,FALSE
2441,5329_05,FALSE
2442,5329_06,TRUE
2443,5329_07,FALSE
2444,5332_01,TRUE
2445,5335_01,TRUE
2446,5335_02,TRUE
2447,5335_03,TRUE
2448,5335_04,TRUE
2449,5336_01,FALSE
2450,5338_01,TRUE
2451,5339_01,FALSE
2452,5339_02,TRUE
2453,5339_03,TRUE
2454,5342_01,FALSE
2455,5349_01,TRUE
2456,5352_01,TRUE
2457,5357_01,TRUE
2458,5357_02,TRUE
2459,5357_03,FALSE
2460,5357_04,FALSE
2461,5358_01,TRUE
2462,5364_01,TRUE
2463,5369_01,FALSE
2464,5369_02,FALSE
2465,5369_03,TRUE
2466,5370_01,TRUE
2467,5371_01,TRUE
2468,5371_02,FALSE
2469,5371_03,TRUE
2470,5371_04,TRUE
2471,5373_01,FALSE
2472,5376_01,TRUE
2473,5376_02,TRUE
2474,5377_01,TRUE
2475,5381_01,FALSE
2476,5382_01,TRUE
2477,5382_02,TRUE
2478,5386_01,TRUE
2479,5391_01,FALSE
2480,5393_01,FALSE
2481,5398_01,TRUE
2482,5399_01,FALSE
2483,5400_01,TRUE
2484,5403_01,FALSE
2485,5405_01,FALSE
2486,5407_01,TRUE
2487,5409_01,FALSE
2488,5417_01,FALSE
2489,5419_01,FALSE
2490,5426_01,TRUE
2491,5428_01,FALSE
2492,5428_02,TRUE
2493,5429_01,FALSE
2494,5432_01,TRUE
2495,5433_01,TRUE
2496,5439_01,FALSE
2497,5442_01,FALSE
2498,5444_01,FALSE
2499,5448_01,FALSE
2500,5449_01,FALSE
2501,5456_01,FALSE
2502,5460_01,FALSE
2503,5461_01,FALSE
2504,5464_01,FALSE
2505,5473_01,FALSE
2506,5473_02,FALSE
2507,5481_01,TRUE
2508,5482_01,FALSE
2509,5482_02,FALSE
2510,5486_01,TRUE
2511,5493_01,FALSE
2512,5495_01,FALSE
2513,5498_01,FALSE
2514,5498_02,TRUE
2515,5502_01,TRUE
2516,5503_01,FALSE
2517,5505_01,FALSE
2518,5505_02,FALSE
2519,5505_03,TRUE
2520,5513_01,TRUE
2521,5513_02,TRUE
2522,5513_03,FALSE
2523,5513_04,TRUE
2524,5516_01,FALSE
2525,5518_01,FALSE
2526,5519_01,FALSE
2527,5525_01,FALSE
2528,5532_01,FALSE
2529,5533_01,FALSE
2530,5534_01,FALSE
2531,5542_01,FALSE
2532,5547_01,TRUE
2533,5548_01,FALSE
2534,5549_01,TRUE
2535,5553_01,TRUE
2536,5553_02,FALSE
2537,5554_01,TRUE
2538,5558_01,FALSE
2539,5562_01,TRUE
2540,5562_02,TRUE
2541,5564_01,FALSE
2542,5565_01,FALSE
2543,5567_01,FALSE
2544,5570_01,TRUE
2545,5576_01,FALSE
2546,5577_01,FALSE
2547,5577_02,TRUE
2548,5577_03,TRUE
2549,5577_04,TRUE
2550,5577_05,TRUE
2551,5579_01,TRUE
2552,5584_01,TRUE
2553,5584_02,FALSE
2554,5588_01,FALSE
2555,5588_02,TRUE
2556,5588_03,TRUE
2557,5588_04,FALSE
2558,5588_05,TRUE
2559,5590_01,TRUE
2560,5593_01,FALSE
2561,5597_01,FALSE
2562,5600_01,TRUE
2563,5604_01,FALSE
2564,5605_01,FALSE
2565,5607_01,TRUE
2566,5612_01,TRUE
2567,5617_01,FALSE
2568,5620_01,FALSE
2569,5620_02,FALSE
2570,5621_01,FALSE
2571,5624_01,TRUE
2572,5630_01,TRUE
2573,5632_01,TRUE
2574,5633_01,FALSE
2575,5634_01,TRUE
2576,5635_01,FALSE
2577,5636_01,FALSE
2578,5638_01,TRUE
2579,5641_01,TRUE
2580,5649_01,TRUE
2581,5654_01,FALSE
2582,5656_01,FALSE
2583,5657_01,FALSE
2584,5658_01,FALSE
2585,5660_01,FALSE
2586,5664_01,FALSE
2587,5664_02,TRUE
2588,5664_03,TRUE
2589,5664_04,FALSE
2590,5665_01,FALSE
2591,5666_01,FALSE
2592,5668_01,TRUE
2593,5669_01,TRUE
2594,5670_01,TRUE
2595,5672_01,TRUE
2596,5675_01,TRUE
2597,5676_01,FALSE
2598,5678_01,TRUE
2599,5678_02,TRUE
2600,5682_01,TRUE
2601,5683_01,FALSE
2602,5690_01,FALSE
2603,5691_01,TRUE
2604,5694_01,TRUE
2605,5697_01,FALSE
2606,5699_01,FALSE
2607,5703_01,FALSE
2608,5708_01,TRUE
2609,5715_01,TRUE
2610,5715_02,TRUE
2611,5720_01,TRUE
2612,5720_02,FALSE
2613,5731_01,FALSE
2614,5731_02,TRUE
2615,5734_01,TRUE
2616,5734_02,FALSE
2617,5741_01,FALSE
2618,5743_01,FALSE
2619,5745_01,TRUE
2620,5749_01,FALSE
2621,5752_01,FALSE
2622,5753_01,FALSE
2623,5754_01,FALSE
2624,5759_01,TRUE
2625,5760_01,FALSE
2626,5762_01,FALSE
2627,5766_01,TRUE
2628,5770_01,TRUE
2629,5774_01,FALSE
2630,5775_01,TRUE
2631,5782_01,FALSE
2632,5782_02,FALSE
2633,5782_03,TRUE
2634,5782_04,FALSE
2635,5784_01,TRUE
2636,5787_01,FALSE
2637,5787_02,TRUE
2638,5787_03,TRUE
2639,5789_01,TRUE
2640,5789_02,FALSE
2641,5797_01,TRUE
2642,5798_01,FALSE
2643,5801_01,FALSE
2644,5803_01,TRUE
2645,5805_01,FALSE
2646,5807_01,FALSE
2647,5815_01,FALSE
2648,5815_02,FALSE
2649,5815_03,FALSE
2650,5815_04,FALSE
2651,5830_01,TRUE
2652,5832_01,FALSE
2653,5833_01,FALSE
2654,5838_01,TRUE
2655,5841_01,TRUE
2656,5841_02,TRUE
2657,5841_03,TRUE
2658,5845_01,FALSE
2659,5850_01,TRUE
2660,5851_01,FALSE
2661,5851_02,TRUE
2662,5853_01,FALSE
2663,5862_01,TRUE
2664,5864_01,FALSE
2665,5865_01,FALSE
2666,5866_01,FALSE
2667,5870_01,TRUE
2668,5872_01,TRUE
2669,5873_01,FALSE
2670,5873_02,TRUE
2671,5873_03,FALSE
2672,5881_01,TRUE
2673,5883_01,TRUE
2674,5884_01,FALSE
2675,5892_01,FALSE
2676,5893_01,FALSE
2677,5893_02,TRUE
2678,5895_01,FALSE
2679,5896_01,FALSE
2680,5899_01,FALSE
2681,5904_01,TRUE
2682,5904_02,FALSE
2683,5910_01,FALSE
2684,5911_01,TRUE
2685,5911_02,FALSE
2686,5911_03,FALSE
2687,5911_04,FALSE
2688,5911_05,FALSE
2689,5911_06,FALSE
2690,5914_01,TRUE
2691,5917_01,TRUE
2692,5918_01,TRUE
2693,5926_01,FALSE
2694,5929_01,TRUE
2695,5932_01,FALSE
2696,5935_01,FALSE
2697,5936_01,TRUE
2698,5936_02,TRUE
2699,5936_03,FALSE
2700,5936_04,TRUE
2701,5936_05,FALSE
2702,5937_01,TRUE
2703,5940_01,FALSE
2704,5942_01,TRUE
2705,5942_02,TRUE
2706,5943_01,FALSE
2707,5948_01,FALSE
2708,5958_01,FALSE
2709,5961_01,TRUE
2710,5961_02,TRUE
2711,5962_01,TRUE
2712,5964_01,TRUE
2713,5964_02,TRUE
2714,5966_01,TRUE
2715,5966_02,TRUE
2716,5978_01,FALSE
2717,5978_02,FALSE
2718,5979_01,TRUE
2719,5982_01,FALSE
2720,5996_01,TRUE
2721,5997_01,FALSE
2722,5997_02,TRUE
2723,6002_01,TRUE
2724,6005_01,TRUE
2725,6005_02,TRUE
2726,6005_03,FALSE
2727,6005_04,FALSE
2728,6005_05,FALSE
2729,6009_01,FALSE
2730,6009_02,FALSE
2731,6012_01,FALSE
2732,6013_01,TRUE
2733,6018_01,FALSE
2734,6021_01,TRUE
2735,6023_01,FALSE
2736,6037_01,FALSE
2737,6044_01,FALSE
2738,6044_02,FALSE
2739,6046_01,FALSE
2740,6050_01,TRUE
2741,6051_01,FALSE
2742,6051_02,FALSE
2743,6053_01,FALSE
2744,6056_01,FALSE
2745,6057_01,FALSE
2746,6060_01,FALSE
2747,6063_01,TRUE
2748,6072_01,FALSE
2749,6074_01,FALSE
2750,6074_02,TRUE
2751,6074_03,TRUE
2752,6078_01,FALSE
2753,6079_01,TRUE
2754,6081_01,TRUE
2755,6081_02,FALSE
2756,6081_03,TRUE
2757,6081_04,TRUE
2758,6083_01,FALSE
2759,6084_01,TRUE
2760,6088_01,TRUE
2761,6089_01,TRUE
2762,6093_01,TRUE
2763,6097_01,FALSE
2764,6100_01,FALSE
2765,6104_01,TRUE
2766,6113_01,FALSE
2767,6114_01,FALSE
2768,6119_01,TRUE
2769,6119_02,FALSE
2770,6119_03,TRUE
2771,6125_01,FALSE
2772,6129_01,FALSE
2773,6131_01,FALSE
2774,6134_01,TRUE
2775,6140_01,FALSE
2776,6142_01,FALSE
2777,6142_02,TRUE
2778,6144_01,TRUE
2779,6147_01,FALSE
2780,6151_01,FALSE
2781,6151_02,TRUE
2782,6154_01,TRUE
2783,6159_01,FALSE
2784,6160_01,FALSE
2785,6160_02,TRUE
2786,6161_01,TRUE
2787,6164_01,TRUE
2788,6165_01,TRUE
2789,6177_01,FALSE
2790,6183_01,FALSE
2791,6185_01,FALSE
2792,6187_01,TRUE
2793,6188_01,FALSE
2794,6190_01,TRUE
2795,6193_01,TRUE
2796,6193_02,TRUE
2797,6193_03,FALSE
2798,6193_04,FALSE
2799,6195_01,FALSE
2800,6196_01,TRUE
2801,6197_01,TRUE
2802,6198_01,FALSE
2803,6202_01,FALSE
2804,6203_01,FALSE
2805,6204_01,TRUE
2806,6209_01,FALSE
2807,6209_02,TRUE
2808,6210_01,TRUE
2809,6212_01,FALSE
2810,6214_01,FALSE
2811,6217_01,TRUE
2812,6217_02,FALSE
2813,6221_01,TRUE
2814,6226_01,FALSE
2815,6231_01,TRUE
2816,6231_02,TRUE
2817,6231_03,FALSE
2818,6233_01,TRUE
2819,6233_02,FALSE
2820,6233_03,TRUE
2821,6235_01,TRUE
2822,6240_01,TRUE
2823,6242_01,TRUE
2824,6244_01,FALSE
2825,6244_02,TRUE
2826,6247_01,FALSE
2827,6255_01,TRUE
2828,6257_01,TRUE
2829,6257_02,FALSE
2830,6257_03,TRUE
2831,6258_01,FALSE
2832,6259_01,FALSE
2833,6260_01,FALSE
2834,6260_02,FALSE
2835,6261_01,TRUE
2836,6261_02,TRUE
2837,6267_01,FALSE
2838,6267_02,FALSE
2839,6267_03,TRUE
2840,6267_04,TRUE
2841,6267_05,TRUE
2842,6267_06,TRUE
2843,6269_01,FALSE
2844,6269_02,FALSE
2845,6269_03,TRUE
2846,6272_01,FALSE
2847,6272_02,TRUE
2848,6275_01,FALSE
2849,6278_01,TRUE
2850,6278_02,TRUE
2851,6284_01,TRUE
2852,6286_01,FALSE
2853,6286_02,FALSE
2854,6287_01,FALSE
2855,6287_02,FALSE
2856,6288_01,TRUE
2857,6288_02,FALSE
2858,6288_03,TRUE
2859,6288_04,TRUE
2860,6291_01,FALSE
2861,6294_01,TRUE
2862,6295_01,TRUE
2863,6295_02,FALSE
2864,6298_01,TRUE
2865,6303_01,FALSE
2866,6306_01,TRUE
2867,6307_01,FALSE
2868,6310_01,FALSE
2869,6311_01,FALSE
2870,6312_01,TRUE
2871,6312_02,FALSE
2872,6314_01,FALSE
2873,6329_01,FALSE
2874,6332_01,TRUE
2875,6332_02,TRUE
2876,6332_03,TRUE
2877,6332_04,FALSE
2878,6332_05,FALSE
2879,6332_06,TRUE
2880,6332_07,FALSE
2881,6332_08,FALSE
2882,6333_01,FALSE
2883,6336_01,FALSE
2884,6337_01,TRUE
2885,6342_01,FALSE
2886,6342_02,FALSE
2887,6345_01,TRUE
2888,6345_02,TRUE
2889,6350_01,TRUE
2890,6352_01,TRUE
2891,6352_02,TRUE
2892,6358_01,TRUE
2893,6358_02,TRUE
2894,6359_01,FALSE
2895,6362_01,TRUE
2896,6364_01,TRUE
2897,6375_01,FALSE
2898,6377_01,TRUE
2899,6379_01,FALSE
2900,6382_01,FALSE
2901,6383_01,TRUE
2902,6383_02,TRUE
2903,6383_03,FALSE
2904,6384_01,FALSE
2905,6386_01,FALSE
2906,6387_01,FALSE
2907,6389_01,FALSE
2908,6391_01,TRUE
2909,6391_02,TRUE
2910,6392_01,TRUE
2911,6393_01,TRUE
2912,6395_01,FALSE
2913,6401_01,TRUE
2914,6401_02,FALSE
2915,6403_01,TRUE
2916,6410_01,FALSE
2917,6410_02,FALSE
2918,6417_01,TRUE
2919,6420_01,TRUE
2920,6423_01,FALSE
2921,6425_01,FALSE
2922,6425_02,TRUE
2923,6426_01,FALSE
2924,6427_01,TRUE
2925,6429_01,TRUE
2926,6435_01,FALSE
2927,6438_01,FALSE
2928,6440_01,TRUE
2929,6441_01,FALSE
2930,6445_01,FALSE
2931,6460_01,FALSE
2932,6465_01,TRUE
2933,6466_01,FALSE
2934,6467_01,FALSE
2935,6469_01,TRUE
2936,6474_01,FALSE
2937,6476_01,FALSE
2938,6479_01,TRUE
2939,6479_02,TRUE
2940,6483_01,TRUE
2941,6484_01,FALSE
2942,6486_01,TRUE
2943,6491_01,FALSE
2944,6491_02,FALSE
2945,6491_03,TRUE
2946,6495_01,FALSE
2947,6496_01,TRUE
2948,6496_02,TRUE
2949,6497_01,TRUE
2950,6498_01,TRUE
2951,6499_01,FALSE
2952,6499_02,FALSE
2953,6499_03,FALSE
2954,6499_04,TRUE
2955,6499_05,FALSE
2956,6499_06,TRUE
2957,6499_07,TRUE
2958,6499_08,FALSE
2959,6504_01,TRUE
2960,6504_02,FALSE
2961,6505_01,FALSE
2962,6506_01,FALSE
2963,6506_02,TRUE
2964,6507_01,TRUE
2965,6515_01,FALSE
2966,6516_01,TRUE
2967,6516_02,TRUE
2968,6518_01,TRUE
2969,6519_01,FALSE
2970,6521_01,FALSE
2971,6524_01,FALSE
2972,6527_01,TRUE
2973,6528_01,FALSE
2974,6532_01,FALSE
2975,6533_01,FALSE
2976,6533_02,FALSE
2977,6534_01,FALSE
2978,6536_01,FALSE
2979,6537_01,FALSE
2980,6538_01,FALSE
2981,6542_01,FALSE
2982,6543_01,TRUE
2983,6550_01,FALSE
2984,6551_01,TRUE
2985,6554_01,TRUE
2986,6555_01,TRUE
2987,6559_01,TRUE
2988,6559_02,FALSE
2989,6559_03,FALSE
2990,6564_01,TRUE
2991,6564_02,TRUE
2992,6566_01,FALSE
2993,6571_01,FALSE
2994,6575_01,TRUE
2995,6576_01,TRUE
2996,6577_01,FALSE
2997,6577_02,FALSE
2998,6577_03,TRUE
2999,6579_01,TRUE
3000,6581_01,TRUE
3001,6584_01,TRUE
3002,6586_01,FALSE
3003,6587_01,TRUE
3004,6589_01,TRUE
3005,6596_01,TRUE
3006,6596_02,FALSE
3007,6597_01,FALSE
3008,6600_01,TRUE
3009,6600_02,FALSE
3010,6605_01,TRUE
3011,6605_02,FALSE
3012,6607_01,FALSE
3013,6610_01,FALSE
3014,6612_01,FALSE
3015,6612_02,FALSE
3016,6612_03,FALSE
3017,6612_04,TRUE
3018,6612_05,FALSE
3019,6612_06,FALSE
3020,6615_01,TRUE
3021,6617_01,TRUE
3022,6617_02,TRUE
3023,6617_03,TRUE
3024,6619_01,FALSE
3025,6627_01,TRUE
3026,6629_01,TRUE
3027,6632_01,TRUE
3028,6636_01,TRUE
3029,6640_01,TRUE
3030,6644_01,FALSE
3031,6648_01,FALSE
3032,6651_01,FALSE
3033,6653_01,TRUE
3034,6657_01,TRUE
3035,6658_01,TRUE
3036,6658_02,TRUE
3037,6658_03,FALSE
3038,6661_01,FALSE
3039,6666_01,FALSE
3040,6677_01,TRUE
3041,6678_01,FALSE
3042,6678_02,TRUE
3043,6679_01,FALSE
3044,6682_01,TRUE
3045,6682_02,TRUE
3046,6685_01,FALSE
3047,6686_01,FALSE
3048,6687_01,FALSE
3049,6688_01,TRUE
3050,6689_01,FALSE
3051,6689_02,FALSE
3052,6690_01,TRUE
3053,6695_01,TRUE
3054,6696_01,TRUE
3055,6700_01,TRUE
3056,6700_02,FALSE
3057,6701_01,TRUE
3058,6703_01,FALSE
3059,6704_01,FALSE
3060,6705_01,FALSE
3061,6710_01,TRUE
3062,6712_01,FALSE
3063,6714_01,FALSE
3064,6715_01,FALSE
3065,6716_01,FALSE
3066,6717_01,TRUE
3067,6723_01,FALSE
3068,6728_01,TRUE
3069,6732_01,FALSE
3070,6733_01,FALSE
3071,6735_01,FALSE
3072,6737_01,FALSE
3073,6738_01,FALSE
3074,6738_02,TRUE
3075,6740_01,FALSE
3076,6743_01,TRUE
3077,6752_01,FALSE
3078,6752_02,FALSE
3079,6752_03,FALSE
3080,6755_01,FALSE
3081,6759_01,TRUE
3082,6767_01,FALSE
3083,6767_02,TRUE
3084,6768_01,FALSE
3085,6769_01,TRUE
3086,6770_01,TRUE
3087,6770_02,TRUE
3088,6770_03,TRUE
3089,6771_01,FALSE
3090,6772_01,TRUE
3091,6772_02,FALSE
3092,6777_01,TRUE
3093,6781_01,TRUE
3094,6783_01,TRUE
3095,6785_01,FALSE
3096,6790_01,FALSE
3097,6791_01,FALSE
3098,6793_01,TRUE
3099,6793_02,TRUE
3100,6795_01,FALSE
3101,6797_01,FALSE
3102,6803_01,FALSE
3103,6804_01,FALSE
3104,6807_01,FALSE
3105,6807_02,TRUE
3106,6809_01,FALSE
3107,6811_01,TRUE
3108,6812_01,FALSE
3109,6812_02,FALSE
3110,6815_01,FALSE
3111,6819_01,FALSE
3112,6819_02,TRUE
3113,6819_03,TRUE
3114,6823_01,TRUE
3115,6828_01,TRUE
3116,6830_01,TRUE
3117,6835_01,TRUE
3118,6835_02,FALSE
3119,6836_01,FALSE
3120,6838_01,FALSE
3121,6838_02,FALSE
3122,6838_03,FALSE
3123,6842_01,FALSE
3124,6845_01,TRUE
3125,6846_01,FALSE
3126,6847_01,FALSE
3127,6849_01,FALSE
3128,6852_01,TRUE
3129,6852_02,FALSE
3130,6855_01,FALSE
3131,6856_01,FALSE
3132,6860_01,FALSE
3133,6867_01,FALSE
3134,6870_01,FALSE
3135,6872_01,TRUE
3136,6874_01,TRUE
3137,6875_01,FALSE
3138,6875_02,FALSE
3139,6875_03,TRUE
3140,6876_01,FALSE
3141,6876_02,TRUE
3142,6876_03,TRUE
3143,6877_01,FALSE
3144,6878_01,TRUE
3145,6881_01,FALSE
3146,6884_01,TRUE
3147,6886_01,TRUE
3148,6888_01,FALSE
3149,6888_02,TRUE
3150,6888_03,TRUE
3151,6888_04,FALSE
3152,6890_01,FALSE
3153,6897_01,FALSE
3154,6904_01,TRUE
3155,6904_02,TRUE
3156,6904_03,FALSE
3157,6909_01,TRUE
3158,6914_01,TRUE
3159,6916_01,TRUE
3160,6919_01,TRUE
3161,6922_01,FALSE
3162,6923_01,TRUE
3163,6927_01,FALSE
3164,6933_01,TRUE
3165,6933_02,TRUE
3166,6935_01,FALSE
3167,6936_01,FALSE
3168,6936_02,FALSE
3169,6936_03,TRUE
3170,6938_01,TRUE
3171,6941_01,TRUE
3172,6942_01,TRUE
3173,6948_01,FALSE
3174,6952_01,TRUE
3175,6953_01,TRUE
3176,6955_01,FALSE
3177,6956_01,TRUE
3178,6958_01,FALSE
3179,6959_01,FALSE
3180,6959_02,TRUE
3181,6959_03,TRUE
3182,6961_01,FALSE
3183,6961_02,FALSE
3184,6965_01,TRUE
3185,6969_01,FALSE
3186,6974_01,FALSE
3187,6975_01,FALSE
3188,6983_01,TRUE
3189,6983_02,FALSE
3190,6986_01,TRUE
3191,6986_02,FALSE
3192,6986_03,TRUE
3193,6986_04,TRUE
3194,6986_05,TRUE
3195,6986_06,FALSE
3196,6986_07,TRUE
3197,6986_08,FALSE
3198,6989_01,TRUE
3199,6993_01,FALSE
3200,7000_01,TRUE
3201,7003_01,FALSE
3202,7009_01,FALSE
3203,7009_02,FALSE
3204,7012_01,TRUE
3205,7023_01,FALSE
3206,7024_01,TRUE
3207,7030_01,FALSE
3208,7033_01,TRUE
3209,7035_01,FALSE
3210,7043_01,FALSE
3211,7046_01,FALSE
3212,7046_02,FALSE
3213,7046_03,FALSE
3214,7054_01,TRUE
3215,7054_02,TRUE
3216,7055_01,FALSE
3217,7063_01,FALSE
3218,7063_02,FALSE
3219,7064_01,FALSE
3220,7065_01,TRUE
3221,7066_01,FALSE
3222,7066_02,FALSE
3223,7067_01,FALSE
3224,7067_02,FALSE
3225,7067_03,FALSE
3226,7070_01,TRUE
3227,7075_01,FALSE
3228,7076_01,FALSE
3229,7081_01,TRUE
3230,7081_02,TRUE
3231,7100_01,TRUE
3232,7100_02,FALSE
3233,7101_01,FALSE
3234,7101_02,TRUE
3235,7102_01,TRUE
3236,7103_01,FALSE
3237,7103_02,TRUE
3238,7107_01,TRUE
3239,7108_01,FALSE
3240,7112_01,TRUE
3241,7115_01,TRUE
3242,7122_01,TRUE
3243,7123_01,FALSE
3244,7124_01,TRUE
3245,7124_02,TRUE
3246,7124_03,FALSE
3247,7125_01,TRUE
3248,7129_01,FALSE
3249,7130_01,TRUE
3250,7130_02,TRUE
3251,7130_03,TRUE
3252,7130_04,FALSE
3253,7130_05,TRUE
3254,7130_06,TRUE
3255,7130_07,FALSE
3256,7131_01,TRUE
3257,7135_01,TRUE
3258,7135_02,FALSE
3259,7135_03,FALSE
3260,7135_04,TRUE
3261,7136_01,TRUE
3262,7138_01,FALSE
3263,7139_01,FALSE
3264,7141_01,FALSE
3265,7145_01,FALSE
3266,7146_01,FALSE
3267,7147_01,TRUE
3268,7150_01,FALSE
3269,7150_02,TRUE
3270,7153_01,FALSE
3271,7154_01,FALSE
3272,7158_01,FALSE
3273,7163_01,TRUE
3274,7163_02,TRUE
3275,7163_03,FALSE
3276,7164_01,FALSE
3277,7169_01,TRUE
3278,7172_01,FALSE
3279,7172_02,FALSE
3280,7174_01,FALSE
3281,7178_01,TRUE
3282,7183_01,TRUE
3283,7185_01,TRUE
3284,7195_01,TRUE
3285,7196_01,TRUE
3286,7198_01,FALSE
3287,7201_01,FALSE
3288,7204_01,FALSE
3289,7209_01,TRUE
3290,7209_02,TRUE
3291,7211_01,FALSE
3292,7212_01,FALSE
3293,7213_01,FALSE
3294,7220_01,FALSE
3295,7222_01,TRUE
3296,7223_01,TRUE
3297,7228_01,TRUE
3298,7231_01,FALSE
3299,7237_01,TRUE
3300,7239_01,TRUE
3301,7241_01,TRUE
3302,7241_02,FALSE
3303,7243_01,TRUE
3304,7243_02,TRUE
3305,7243_03,TRUE
3306,7243_04,FALSE
3307,7243_05,FALSE
3308,7244_01,TRUE
3309,7245_01,TRUE
3310,7248_01,FALSE
3311,7248_02,TRUE
3312,7251_01,TRUE
3313,7254_01,FALSE
3314,7262_01,FALSE
3315,7263_01,FALSE
3316,7264_01,FALSE
3317,7265_01,FALSE
3318,7266_01,FALSE
3319,7266_02,TRUE
3320,7266_03,TRUE
3321,7269_01,FALSE
3322,7269_02,TRUE
3323,7272_01,TRUE
3324,7275_01,FALSE
3325,7281_01,FALSE
3326,7282_01,FALSE
3327,7286_01,FALSE
3328,7287_01,TRUE
3329,7288_01,FALSE
3330,7291_01,TRUE
3331,7293_01,FALSE
3332,7294_01,FALSE
3333,7295_01,FALSE
3334,7295_02,FALSE
3335,7299_01,TRUE
3336,7308_01,TRUE
3337,7312_01,FALSE
3338,7315_01,TRUE
3339,7316_01,FALSE
3340,7317_01,FALSE
3341,7318_01,FALSE
3342,7319_01,FALSE
3343,7319_02,FALSE
3344,7319_03,TRUE
3345,7325_01,FALSE
3346,7329_01,FALSE
3347,7329_02,TRUE
3348,7329_03,TRUE
3349,7333_01,FALSE
3350,7335_01,TRUE
3351,7345_01,FALSE
3352,7348_01,FALSE
3353,7348_02,TRUE
3354,7348_03,TRUE
3355,7349_01,FALSE
3356,7352_01,FALSE
3357,7354_01,FALSE
3358,7354_02,TRUE
3359,7354_03,TRUE
3360,7354_04,FALSE
3361,7354_05,TRUE
3362,7354_06,FALSE
3363,7355_01,FALSE
3364,7357_01,TRUE
3365,7362_01,FALSE
3366,7363_01,FALSE
3367,7364_01,FALSE
3368,7368_01,TRUE
3369,7369_01,FALSE
3370,7373_01,TRUE
3371,7373_02,TRUE
3372,7375_01,TRUE
3373,7378_01,FALSE
3374,7380_01,FALSE
3375,7380_02,TRUE
3376,7380_03,FALSE
3377,7380_04,TRUE
3378,7381_01,TRUE
3379,7382_01,FALSE
3380,7383_01,TRUE
3381,7383_02,FALSE
3382,7384_01,FALSE
3383,7386_01,TRUE
3384,7389_01,TRUE
3385,7397_01,FALSE
3386,7400_01,FALSE
3387,7404_01,TRUE
3388,7407_01,FALSE
3389,7409_01,FALSE
3390,7409_02,FALSE
3391,7412_01,TRUE
3392,7413_01,TRUE
3393,7413_02,FALSE
3394,7414_01,FALSE
3395,7415_01,FALSE
3396,7417_01,FALSE
3397,7417_02,FALSE
3398,7420_01,FALSE
3399,7421_01,TRUE
3400,7421_02,FALSE
3401,7423_01,FALSE
3402,7423_02,TRUE
3403,7424_01,FALSE
3404,7426_01,TRUE
3405,7426_02,TRUE
3406,7426_03,TRUE
3407,7433_01,TRUE
3408,7434_01,FALSE
3409,7439_01,FALSE
3410,7439_02,TRUE
3411,7440_01,FALSE
3412,7441_01,TRUE
3413,7443_01,FALSE
3414,7451_01,FALSE
3415,7454_01,FALSE
3416,7463_01,FALSE
3417,7465_01,FALSE
3418,7466_01,FALSE
3419,7467_01,TRUE
3420,7468_01,FALSE
3421,7469_01,FALSE
3422,7470_01,TRUE
3423,7471_01,TRUE
3424,7471_02,FALSE
3425,7473_01,FALSE
3426,7473_02,FALSE
3427,7474_01,TRUE
3428,7476_01,TRUE
3429,7480_01,FALSE
3430,7482_01,TRUE
3431,7482_02,FALSE
3432,7489_01,FALSE
3433,7489_02,FALSE
3434,7489_03,FALSE
3435,7491_01,TRUE
3436,7493_01,FALSE
3437,7497_01,TRUE
3438,7511_01,TRUE
3439,7516_01,TRUE
3440,7519_01,FALSE
3441,7526_01,TRUE
3442,7528_01,TRUE
3443,7528_02,TRUE
3444,7528_03,FALSE
3445,7528_04,TRUE
3446,7530_01,TRUE
3447,7530_02,FALSE
3448,7530_03,FALSE
3449,7530_04,FALSE
3450,7532_01,TRUE
3451,7537_01,TRUE
3452,7539_01,TRUE
3453,7539_02,TRUE
3454,7540_01,FALSE
3455,7541_01,TRUE
3456,7541_02,TRUE
3457,7541_03,TRUE
3458,7546_01,TRUE
3459,7547_01,TRUE
3460,7548_01,FALSE
3461,7551_01,TRUE
3462,7554_01,TRUE
3463,7555_01,FALSE
3464,7556_01,TRUE
3465,7556_02,TRUE
3466,7556_03,FALSE
3467,7556_04,TRUE
3468,7557_01,FALSE
3469,7557_02,TRUE
3470,7557_03,TRUE
3471,7558_01,FALSE
3472,7558_02,TRUE
3473,7562_01,FALSE
3474,7564_01,FALSE
3475,7566_01,FALSE
3476,7570_01,TRUE
3477,7570_02,FALSE
3478,7571_01,FALSE
3479,7575_01,FALSE
3480,7581_01,FALSE
3481,7582_01,TRUE
3482,7582_02,TRUE
3483,7582_03,TRUE
3484,7582_04,FALSE
3485,7582_05,TRUE
3486,7587_01,TRUE
3487,7589_01,TRUE
3488,7590_01,TRUE
3489,7591_01,TRUE
3490,7591_02,TRUE
3491,7593_01,TRUE
3492,7597_01,TRUE
3493,7597_02,FALSE
3494,7597_03,FALSE
3495,7597_04,TRUE
3496,7597_05,FALSE
3497,7597_06,FALSE
3498,7597_07,FALSE
3499,7600_01,TRUE
3500,7600_02,FALSE
3501,7602_01,TRUE
3502,7603_01,FALSE
3503,7607_01,FALSE
3504,7610_01,TRUE
3505,7610_02,FALSE
3506,7611_01,FALSE
3507,7611_02,FALSE
3508,7612_01,FALSE
3509,7612_02,TRUE
3510,7613_01,TRUE
3511,7615_01,FALSE
3512,7617_01,FALSE
3513,7619_01,FALSE
3514,7629_01,TRUE
3515,7629_02,FALSE
3516,7629_03,TRUE
3517,7636_01,FALSE
3518,7637_01,TRUE
3519,7637_02,FALSE
3520,7637_03,TRUE
3521,7638_01,TRUE
3522,7642_01,TRUE
3523,7645_01,TRUE
3524,7648_01,TRUE
3525,7651_01,TRUE
3526,7653_01,FALSE
3527,7654_01,TRUE
3528,7655_01,TRUE
3529,7657_01,FALSE
3530,7658_01,TRUE
3531,7659_01,FALSE
3532,7662_01,TRUE
3533,7663_01,TRUE
3534,7664_01,FALSE
3535,7668_01,FALSE
3536,7672_01,FALSE
3537,7673_01,FALSE
3538,7674_01,FALSE
3539,7675_01,FALSE
3540,7681_01,TRUE
3541,7685_01,TRUE
3542,7686_01,TRUE
3543,7695_01,FALSE
3544,7701_01,FALSE
3545,7704_01,TRUE
3546,7706_01,TRUE
3547,7718_01,TRUE
3548,7722_01,TRUE
3549,7725_01,TRUE
3550,7726_01,TRUE
3551,7730_01,FALSE
3552,7732_01,FALSE
3553,7733_01,FALSE
3554,7734_01,FALSE
3555,7735_01,FALSE
3556,7737_01,TRUE
3557,7740_01,FALSE
3558,7740_02,TRUE
3559,7745_01,TRUE
3560,7750_01,FALSE
3561,7756_01,TRUE
3562,7758_01,FALSE
3563,7759_01,TRUE
3564,7762_01,FALSE
3565,7765_01,TRUE
3566,7765_02,TRUE
3567,7765_03,TRUE
3568,7766_01,TRUE
3569,7772_01,TRUE
3570,7779_01,TRUE
3571,7781_01,FALSE
3572,7792_01,TRUE
3573,7792_02,TRUE
3574,7792_03,TRUE
3575,7792_04,FALSE
3576,7792_05,TRUE
3577,7794_01,FALSE
3578,7795_01,FALSE
3579,7795_02,TRUE
3580,7796_01,FALSE
3581,7798_01,FALSE
3582,7798_02,TRUE
3583,7799_01,FALSE
3584,7804_01,FALSE
3585,7807_01,TRUE
3586,7811_01,TRUE
3587,7814_01,TRUE
3588,7817_01,FALSE
3589,7819_01,TRUE
3590,7822_01,FALSE
3591,7823_01,FALSE
3592,7825_01,FALSE
3593,7825_02,TRUE
3594,7825_03,FALSE
3595,7826_01,TRUE
3596,7827_01,TRUE
3597,7836_01,FALSE
3598,7838_01,TRUE
3599,7844_01,FALSE
3600,7846_01,FALSE
3601,7846_02,TRUE
3602,7854_01,TRUE
3603,7855_01,FALSE
3604,7857_01,FALSE
3605,7860_01,FALSE
3606,7862_01,TRUE
3607,7867_01,FALSE
3608,7869_01,FALSE
3609,7874_01,FALSE
3610,7874_02,TRUE
3611,7876_01,FALSE
3612,7880_01,TRUE
3613,7880_02,FALSE
3614,7887_01,TRUE
3615,7893_01,TRUE
3616,7893_02,TRUE
3617,7893_03,TRUE
3618,7893_04,TRUE
3619,7893_05,TRUE
3620,7896_01,FALSE
3621,7898_01,FALSE
3622,7900_01,FALSE
3623,7906_01,FALSE
3624,7909_01,FALSE
3625,7909_02,FALSE
3626,7911_01,TRUE
3627,7912_01,FALSE
3628,7915_01,TRUE
3629,7915_02,FALSE
3630,7915_03,TRUE
3631,7917_01,TRUE
3632,7921_01,FALSE
3633,7921_02,FALSE
3634,7923_01,FALSE
3635,7925_01,TRUE
3636,7927_01,FALSE
3637,7927_02,FALSE
3638,7927_03,FALSE
3639,7928_01,FALSE
3640,7931_01,FALSE
3641,7932_01,FALSE
3642,7933_01,TRUE
3643,7934_01,TRUE
3644,7934_02,TRUE
3645,7934_03,TRUE
3646,7938_01,FALSE
3647,7942_01,FALSE
3648,7942_02,FALSE
3649,7948_01,FALSE
3650,7951_01,TRUE
3651,7953_01,FALSE
3652,7956_01,TRUE
3653,7959_01,FALSE
3654,7961_01,FALSE
3655,7963_01,TRUE
3656,7963_02,FALSE
3657,7963_03,TRUE
3658,7964_01,TRUE
3659,7965_01,TRUE
3660,7966_01,FALSE
3661,7969_01,TRUE
3662,7971_01,TRUE
3663,7971_02,FALSE
3664,7975_01,TRUE
3665,7977_01,FALSE
3666,7978_01,TRUE
3667,7978_02,FALSE
3668,7979_01,FALSE
3669,7980_01,FALSE
3670,7991_01,FALSE
3671,7991_02,FALSE
3672,7991_03,TRUE
3673,7991_04,TRUE
3674,7992_01,TRUE
3675,7997_01,TRUE
3676,7998_01,FALSE
3677,7998_02,TRUE
3678,7998_03,TRUE
3679,7998_04,TRUE
3680,8001_01,FALSE
3681,8002_01,FALSE
3682,8008_01,FALSE
3683,8009_01,FALSE
3684,8011_01,TRUE
3685,8013_01,TRUE
3686,8017_01,FALSE
3687,8022_01,TRUE
3688,8028_01,FALSE
3689,8033_01,FALSE
3690,8039_01,TRUE
3691,8039_02,TRUE
3692,8040_01,TRUE
3693,8041_01,FALSE
3694,8041_02,TRUE
3695,8044_01,TRUE
3696,8045_01,FALSE
3697,8047_01,TRUE
3698,8048_01,TRUE
3699,8051_01,TRUE
3700,8051_02,TRUE
3701,8061_01,FALSE
3702,8061_02,TRUE
3703,8062_01,FALSE
3704,8065_01,FALSE
3705,8070_01,FALSE
3706,8073_01,TRUE
3707,8074_01,TRUE
3708,8080_01,TRUE
3709,8090_01,TRUE
3710,8093_01,FALSE
3711,8095_01,FALSE
3712,8096_01,TRUE
3713,8099_01,TRUE
3714,8100_01,FALSE
3715,8101_01,TRUE
3716,8104_01,TRUE
3717,8109_01,FALSE
3718,8110_01,FALSE
3719,8111_01,TRUE
3720,8113_01,TRUE
3721,8113_02,TRUE
3722,8113_03,FALSE
3723,8113_04,FALSE
3724,8114_01,TRUE
3725,8125_01,TRUE
3726,8125_02,TRUE
3727,8126_01,FALSE
3728,8127_01,FALSE
3729,8132_01,FALSE
3730,8134_01,TRUE
3731,8142_01,TRUE
3732,8145_01,FALSE
3733,8146_01,TRUE
3734,8151_01,FALSE
3735,8154_01,TRUE
3736,8155_01,TRUE
3737,8160_01,FALSE
3738,8163_01,TRUE
3739,8166_01,TRUE
3740,8169_01,FALSE
3741,8170_01,TRUE
3742,8172_01,TRUE
3743,8174_01,FALSE
3744,8179_01,TRUE
3745,8180_01,FALSE
3746,8181_01,FALSE
3747,8181_02,FALSE
3748,8181_03,TRUE
3749,8183_01,FALSE
3750,8184_01,FALSE
3751,8185_01,FALSE
3752,8187_01,FALSE
3753,8188_01,FALSE
3754,8193_01,TRUE
3755,8195_01,TRUE
3756,8196_01,FALSE
3757,8196_02,TRUE
3758,8198_01,TRUE
3759,8201_01,TRUE
3760,8206_01,FALSE
3761,8215_01,TRUE
3762,8223_01,TRUE
3763,8228_01,FALSE
3764,8230_01,FALSE
3765,8234_01,FALSE
3766,8236_01,TRUE
3767,8240_01,TRUE
3768,8241_01,FALSE
3769,8245_01,TRUE
3770,8245_02,TRUE
3771,8246_01,TRUE
3772,8249_01,FALSE
3773,8250_01,TRUE
3774,8253_01,FALSE
3775,8256_01,FALSE
3776,8258_01,FALSE
3777,8262_01,FALSE
3778,8263_01,FALSE
3779,8269_01,TRUE
3780,8274_01,TRUE
3781,8278_01,TRUE
3782,8283_01,TRUE
3783,8284_01,TRUE
3784,8284_02,TRUE
3785,8285_01,FALSE
3786,8286_01,TRUE
3787,8290_01,TRUE
3788,8293_01,FALSE
3789,8296_01,TRUE
3790,8299_01,FALSE
3791,8304_01,FALSE
3792,8304_02,TRUE
3793,8304_03,TRUE
3794,8305_01,TRUE
3795,8305_02,TRUE
3796,8305_03,TRUE
3797,8308_01,FALSE
3798,8309_01,FALSE
3799,8311_01,FALSE
3800,8312_01,TRUE
3801,8325_01,TRUE
3802,8325_02,FALSE
3803,8327_01,FALSE
3804,8331_01,FALSE
3805,8337_01,FALSE
3806,8340_01,FALSE
3807,8340_02,TRUE
3808,8340_03,FALSE
3809,8347_01,TRUE
3810,8349_01,FALSE
3811,8350_01,FALSE
3812,8351_01,FALSE
3813,8352_01,FALSE
3814,8353_01,FALSE
3815,8355_01,TRUE
3816,8357_01,TRUE
3817,8357_02,TRUE
3818,8358_01,FALSE
3819,8359_01,FALSE
3820,8361_01,FALSE
3821,8361_02,FALSE
3822,8361_03,TRUE
3823,8361_04,TRUE
3824,8361_05,TRUE
3825,8364_01,TRUE
3826,8367_01,FALSE
3827,8370_01,TRUE
3828,8370_02,FALSE
3829,8372_01,TRUE
3830,8385_01,TRUE
3831,8385_02,FALSE
3832,8385_03,TRUE
3833,8387_01,TRUE
3834,8389_01,TRUE
3835,8391_01,FALSE
3836,8396_01,FALSE
3837,8399_01,FALSE
3838,8400_01,FALSE
3839,8400_02,TRUE
3840,8400_03,FALSE
3841,8402_01,TRUE
3842,8402_02,TRUE
3843,8402_03,TRUE
3844,8408_01,FALSE
3845,8408_02,TRUE
3846,8412_01,TRUE
3847,8413_01,TRUE
3848,8415_01,FALSE
3849,8417_01,FALSE
3850,8422_01,FALSE
3851,8424_01,FALSE
3852,8425_01,TRUE
3853,8425_02,TRUE
3854,8426_01,TRUE
3855,8426_02,FALSE
3856,8428_01,TRUE
3857,8434_01,TRUE
3858,8435_01,FALSE
3859,8436_01,FALSE
3860,8439_01,TRUE
3861,8440_01,FALSE
3862,8440_02,TRUE
3863,8440_03,TRUE
3864,8443_01,TRUE
3865,8443_02,FALSE
3866,8445_01,TRUE
3867,8445_02,TRUE
3868,8445_03,TRUE
3869,8446_01,FALSE
3870,8450_01,TRUE
3871,8450_02,FALSE
3872,8450_03,TRUE
3873,8453_01,TRUE
3874,8455_01,FALSE
3875,8461_01,FALSE
3876,8464_01,FALSE
3877,8464_02,TRUE
3878,8473_01,TRUE
3879,8473_02,FALSE
3880,8478_01,TRUE
3881,8478_02,FALSE
3882,8484_01,FALSE
3883,8485_01,FALSE
3884,8488_01,TRUE
3885,8490_01,FALSE
3886,8496_01,FALSE
3887,8497_01,FALSE
3888,8498_01,TRUE
3889,8499_01,TRUE
3890,8501_01,TRUE
3891,8505_01,FALSE
3892,8507_01,TRUE
3893,8510_01,FALSE
3894,8510_02,TRUE
3895,8513_01,FALSE
3896,8515_01,FALSE
3897,8517_01,FALSE
3898,8517_02,TRUE
3899,8518_01,TRUE
3900,8519_01,TRUE
3901,8520_01,FALSE
3902,8520_02,FALSE
3903,8525_01,TRUE
3904,8525_02,TRUE
3905,8526_01,FALSE
3906,8526_02,TRUE
3907,8527_01,TRUE
3908,8529_01,FALSE
3909,8531_01,TRUE
3910,8532_01,FALSE
3911,8533_01,TRUE
3912,8534_01,TRUE
3913,8534_02,FALSE
3914,8534_03,TRUE
3915,8534_04,FALSE
3916,8538_01,FALSE
3917,8543_01,TRUE
3918,8543_02,TRUE
3919,8543_03,FALSE
3920,8543_04,FALSE
3921,8543_05,FALSE
3922,8543_06,FALSE
3923,8543_07,TRUE
3924,8543_08,FALSE
3925,8546_01,TRUE
3926,8547_01,FALSE
3927,8550_01,FALSE
3928,8553_01,FALSE
3929,8555_01,TRUE
3930,8555_02,TRUE
3931,8555_03,TRUE
3932,8558_01,TRUE
3933,8562_01,FALSE
3934,8563_01,FALSE
3935,8564_01,FALSE
3936,8565_01,TRUE
3937,8565_02,TRUE
3938,8565_03,FALSE
3939,8567_01,FALSE
3940,8567_02,FALSE
3941,8567_03,FALSE
3942,8568_01,TRUE
3943,8568_02,TRUE
3944,8575_01,FALSE
3945,8576_01,TRUE
3946,8578_01,FALSE
3947,8579_01,TRUE
3948,8582_01,TRUE
3949,8583_01,TRUE
3950,8583_02,TRUE
3951,8590_01,FALSE
3952,8591_01,TRUE
3953,8593_01,FALSE
3954,8600_01,TRUE
3955,8601_01,TRUE
3956,8608_01,TRUE
3957,8621_01,TRUE
3958,8622_01,FALSE
3959,8625_01,FALSE
3960,8627_01,FALSE
3961,8630_01,TRUE
3962,8632_01,TRUE
3963,8632_02,FALSE
3964,8647_01,TRUE
3965,8648_01,TRUE
3966,8648_02,FALSE
3967,8648_03,TRUE
3968,8649_01,FALSE
3969,8651_01,FALSE
3970,8652_01,FALSE
3971,8655_01,FALSE
3972,8660_01,TRUE
3973,8662_01,TRUE
3974,8665_01,TRUE
3975,8666_01,TRUE
3976,8676_01,TRUE
3977,8677_01,FALSE
3978,8677_02,TRUE
3979,8677_03,TRUE
3980,8678_01,TRUE
3981,8678_02,FALSE
3982,8679_01,TRUE
3983,8682_01,FALSE
3984,8686_01,TRUE
3985,8689_01,FALSE
3986,8690_01,FALSE
3987,8690_02,TRUE
3988,8692_01,TRUE
3989,8692_02,FALSE
3990,8692_03,TRUE
3991,8697_01,FALSE
3992,8698_01,FALSE
3993,8699_01,FALSE
3994,8702_01,FALSE
3995,8705_01,TRUE
3996,8706_01,FALSE
3997,8707_01,FALSE
3998,8711_01,FALSE
3999,8713_01,FALSE
4000,8713_02,TRUE
4001,8715_01,TRUE
4002,8718_01,FALSE
4003,8724_01,FALSE
4004,8725_01,FALSE
4005,8726_01,TRUE
4006,8730_01,FALSE
4007,8731_01,FALSE
4008,8737_01,TRUE
4009,8738_01,TRUE
4010,8739_01,FALSE
4011,8740_01,FALSE
4012,8742_01,FALSE
4013,8745_01,FALSE
4014,8746_01,TRUE
4015,8747_01,TRUE
4016,8747_02,FALSE
4017,8748_01,FALSE
4018,8748_02,FALSE
4019,8756_01,FALSE
4020,8758_01,FALSE
4021,8758_02,TRUE
4022,8761_01,FALSE
4023,8763_01,FALSE
4024,8763_02,FALSE
4025,8763_03,TRUE
4026,8765_01,FALSE
4027,8767_01,FALSE
4028,8767_02,FALSE
4029,8768_01,TRUE
4030,8768_02,TRUE
4031,8768_03,FALSE
4032,8775_01,TRUE
4033,8777_01,FALSE
4034,8778_01,TRUE
4035,8778_02,TRUE
4036,8784_01,FALSE
4037,8788_01,FALSE
4038,8792_01,FALSE
4039,8793_01,FALSE
4040,8793_02,TRUE
4041,8793_03,TRUE
4042,8793_04,FALSE
4043,8793_05,TRUE
4044,8795_01,FALSE
4045,8800_01,TRUE
4046,8800_02,TRUE
4047,8800_03,FALSE
4048,8800_04,TRUE
4049,8800_05,TRUE
4050,8803_01,TRUE
4051,8804_01,TRUE
4052,8804_02,TRUE
4053,8804_03,TRUE
4054,8804_04,FALSE
4055,8804_05,FALSE
4056,8810_01,FALSE
4057,8814_01,TRUE
4058,8829_01,TRUE
4059,8832_01,FALSE
4060,8837_01,FALSE
4061,8839_01,TRUE
4062,8839_02,FALSE
4063,8846_01,FALSE
4064,8846_02,FALSE
4065,8847_01,TRUE
4066,8851_01,TRUE
4067,8855_01,FALSE
4068,8857_01,TRUE
4069,8859_01,FALSE
4070,8866_01,TRUE
4071,8870_01,TRUE
4072,8870_02,FALSE
4073,8873_01,FALSE
4074,8873_02,FALSE
4075,8873_03,TRUE
4076,8875_01,TRUE
4077,8875_02,FALSE
4078,8875_03,TRUE
4079,8877_01,TRUE
4080,8877_02,TRUE
4081,8879_01,TRUE
4082,8882_01,FALSE
4083,8887_01,TRUE
4084,8888_01,FALSE
4085,8893_01,TRUE
4086,8893_02,TRUE
4087,8895_01,TRUE
4088,8895_02,FALSE
4089,8898_01,TRUE
4090,8908_01,TRUE
4091,8909_01,FALSE
4092,8911_01,FALSE
4093,8912_01,TRUE
4094,8913_01,TRUE
4095,8913_02,TRUE
4096,8913_03,TRUE
4097,8914_01,FALSE
4098,8915_01,FALSE
4099,8916_01,TRUE
4100,8917_01,TRUE
4101,8921_01,TRUE
4102,8924_01,TRUE
4103,8925_01,FALSE
4104,8925_02,TRUE
4105,8925_03,TRUE
4106,8925_04,TRUE
4107,8925_05,TRUE
4108,8925_06,FALSE
4109,8927_01,TRUE
4110,8929_01,FALSE
4111,8931_01,FALSE
4112,8933_01,FALSE
4113,8934_01,FALSE
4114,8935_01,TRUE
4115,8936_01,FALSE
4116,8943_01,FALSE
4117,8946_01,TRUE
4118,8949_01,FALSE
4119,8950_01,FALSE
4120,8951_01,FALSE
4121,8952_01,FALSE
4122,8953_01,FALSE
4123,8957_01,FALSE
4124,8958_01,TRUE
4125,8960_01,TRUE
4126,8960_02,FALSE
4127,8960_03,TRUE
4128,8962_01,FALSE
4129,8963_01,TRUE
4130,8965_01,FALSE
4131,8971_01,FALSE
4132,8974_01,TRUE
4133,8979_01,TRUE
4134,8980_01,FALSE
4135,8980_02,FALSE
4136,8980_03,TRUE
4137,8980_04,FALSE
4138,8980_05,FALSE
4139,8980_06,TRUE
4140,8980_07,TRUE
4141,8984_01,FALSE
4142,8990_01,FALSE
4143,8991_01,FALSE
4144,8994_01,FALSE
4145,8994_02,TRUE
4146,8995_01,FALSE
4147,9000_01,FALSE
4148,9002_01,FALSE
4149,9005_01,TRUE
4150,9016_01,FALSE
4151,9016_02,FALSE
4152,9016_03,FALSE
4153,9016_04,TRUE
4154,9016_05,FALSE
4155,9017_01,TRUE
4156,9022_01,FALSE
4157,9022_02,TRUE
4158,9022_03,TRUE
4159,9025_01,FALSE
4160,9025_02,TRUE
4161,9027_01,FALSE
4162,9033_01,TRUE
4163,9039_01,TRUE
4164,9040_01,FALSE
4165,9044_01,FALSE
4166,9045_01,FALSE
4167,9045_02,FALSE
4168,9047_01,TRUE
4169,9050_01,TRUE
4170,9051_01,TRUE
4171,9053_01,TRUE
4172,9053_02,TRUE
4173,9054_01,TRUE
4174,9055_01,FALSE
4175,9056_01,FALSE
4176,9058_01,FALSE
4177,9062_01,FALSE
4178,9062_02,FALSE
4179,9063_01,TRUE
4180,9065_01,TRUE
4181,9067_01,FALSE
4182,9067_02,FALSE
4183,9070_01,FALSE
4184,9070_02,TRUE
4185,9082_01,FALSE
4186,9083_01,TRUE
4187,9083_02,TRUE
4188,9086_01,TRUE
4189,9086_02,FALSE
4190,9087_01,FALSE
4191,9088_01,TRUE
4192,9090_01,FALSE
4193,9091_01,TRUE
4194,9092_01,FALSE
4195,9093_01,FALSE
4196,9095_01,FALSE
4197,9096_01,FALSE
4198,9096_02,TRUE
4199,9100_01,FALSE
4200,9102_01,TRUE
4201,9105_01,FALSE
4202,9109_01,TRUE
4203,9113_01,TRUE
4204,9117_01,FALSE
4205,9121_01,TRUE
4206,9123_01,TRUE
4207,9133_01,TRUE
4208,9135_01,FALSE
4209,9138_01,FALSE
4210,9143_01,FALSE
4211,9143_02,FALSE
4212,9143_03,FALSE
4213,9146_01,FALSE
4214,9146_02,FALSE
4215,9146_03,TRUE
4216,9147_01,TRUE
4217,9153_01,TRUE
4218,9154_01,TRUE
4219,9155_01,FALSE
4220,9155_02,FALSE
4221,9155_03,TRUE
4222,9155_04,TRUE
4223,9162_01,TRUE
4224,9162_02,FALSE
4225,9162_03,FALSE
4226,9166_01,TRUE
4227,9171_01,TRUE
4228,9177_01,TRUE
4229,9177_02,TRUE
4230,9182_01,FALSE
4231,9187_01,FALSE
4232,9187_02,FALSE
4233,9191_01,TRUE
4234,9198_01,FALSE
4235,9200_01,FALSE
4236,9204_01,FALSE
4237,9206_01,TRUE
4238,9206_02,FALSE
4239,9206_03,TRUE
4240,9207_01,TRUE
4241,9209_01,TRUE
4242,9210_01,FALSE
4243,9212_01,FALSE
4244,9212_02,TRUE
4245,9214_01,FALSE
4246,9215_01,TRUE
4247,9216_01,FALSE
4248,9223_01,TRUE
4249,9223_02,TRUE
4250,9228_01,FALSE
4251,9229_01,FALSE
4252,9232_01,FALSE
4253,9236_01,TRUE
4254,9238_01,TRUE
4255,9238_02,TRUE
4256,9238_03,TRUE
4257,9238_04,FALSE
4258,9238_05,TRUE
4259,9238_06,TRUE
4260,9238_07,FALSE
4261,9240_01,FALSE
4262,9243_01,TRUE
4263,9245_01,FALSE
4264,9249_01,TRUE
4265,9255_01,TRUE
4266,9258_01,TRUE
4267,9260_01,TRUE
4268,9262_01,FALSE
4269,9263_01,TRUE
4270,9265_01,TRUE
4271,9266_01,TRUE
4272,9266_02,TRUE
4273,9269_01,FALSE
4274,9271_01,TRUE
4275,9273_01,TRUE
4276,9277_01,FALSE
